wavelength ,transmission 
350,0.093242437
351,0.010738515
352,0.236258242
353,-0.128715053
354,0.06493059
355,-0.142611647
356,0.041859768
357,0.153903198
358,0.084078707
359,-0.038636703
360,-0.251455931
361,0.088366252
362,0.071905077
363,-0.018845674
364,-0.170835996
365,0.134819577
366,-0.00446869
367,0.046684309
368,-0.055934636
369,0.025593052
370,0.131578449
371,-0.043895318
372,0.037358215
373,0.041593645
374,0.045577223
375,0.017064486
376,-0.112368081
377,0.16150246
378,0.276717223
379,0.117251635
380,0.277964436
381,0.448496074
382,0.930680046
383,1.739566267
384,3.097388953
385,5.218482943
386,8.685962945
387,13.99122703
388,20.96323526
389,28.73219895
390,37.16057205
391,45.97609663
392,54.6952858
393,63.68825722
394,72.40311241
395,79.95513916
396,86.1904068
397,90.45626831
398,92.96682358
399,94.18871308
400,94.80999375
401,95.16856003
402,95.39988709
403,95.49745942
404,95.73584747
405,95.89219284
406,96.15336609
407,96.09366227
408,96.14010239
409,96.26862336
410,96.32335663
411,96.25781632
412,96.46924973
413,96.55329895
414,96.68400956
415,96.5664177
416,96.60972595
417,96.54995346
418,96.54229737
419,96.49819946
420,96.5352974
421,96.57920456
422,96.70330048
423,96.89880371
424,97.07721329
425,97.20033646
426,97.25912094
427,97.17827225
428,97.02654267
429,96.96440506
430,96.84270478
431,96.74287796
432,96.7611084
433,96.75327301
434,96.74552918
435,96.74194718
436,96.73834992
437,96.78516388
438,96.8320961
439,96.99592209
440,96.99473954
441,96.88277436
442,96.68809891
443,96.48604203
444,96.39101791
445,96.39430237
446,96.48426819
447,96.63380814
448,96.75364304
449,96.75243759
450,96.79783631
451,96.72097779
452,96.68929673
453,96.70495224
454,96.70594406
455,96.81180954
456,96.86191178
457,96.92434311
458,97.00799942
459,97.04180527
460,97.09038163
461,97.18316651
462,97.22748948
463,97.28996277
464,97.23598099
465,97.25008393
466,97.17185593
467,97.12517166
468,97.06727982
469,96.99305725
470,96.94533539
471,96.86263657
472,96.8258133
473,96.89760208
474,96.94175721
475,97.07710648
476,97.17136002
477,97.24581146
478,97.25444412
479,97.2122612
480,97.17409516
481,97.15757752
482,97.13512039
483,97.07835007
484,97.00291062
485,96.94866944
486,96.89458466
487,96.86553574
488,96.84299851
489,96.78090668
490,96.74697113
491,96.71022034
492,96.71229935
493,96.70618057
494,96.7538147
495,96.78507996
496,96.81754685
497,96.89242554
498,96.94378662
499,96.99031448
500,97.08748627
501,97.14969254
502,97.10940552
503,97.00766755
504,96.91713715
505,96.85004044
506,96.80329132
507,96.83363724
508,96.90901947
509,96.99796677
510,97.00480271
511,96.98406983
512,96.92903519
513,96.88525391
514,96.84951782
515,96.86208344
516,96.83596039
517,96.82898712
518,96.83454514
519,96.81162262
520,96.75946808
521,96.69615555
522,96.64440155
523,96.698555
524,96.76869202
525,96.82997895
526,96.88019181
527,96.96403122
528,96.97491074
529,97.02309037
530,97.04237747
531,97.1150322
532,97.17042923
533,97.3006134
534,97.37591172
535,97.4267273
536,97.44577027
537,97.42337036
538,97.41197205
539,97.35964966
540,97.32334137
541,97.26037598
542,97.23137284
543,97.21972657
544,97.16753006
545,97.11518097
546,97.05639649
547,96.9769783
548,96.96691132
549,96.93780899
550,96.96101761
551,96.95190811
552,96.99787903
553,97.03434754
554,97.04375839
555,97.13482667
556,97.17881775
557,97.25782395
558,97.35411072
559,97.44978333
560,97.50696182
561,97.50759125
562,97.49150467
563,97.40533447
564,97.32158661
565,97.21532059
566,97.14569092
567,97.12176896
568,97.11029053
569,97.16351319
570,97.16696167
571,97.14300919
572,97.09825897
573,97.02123642
574,96.96201706
575,96.89432526
576,96.88517762
577,96.89641953
578,96.98427201
579,97.06102753
580,97.17463303
581,97.2394371
582,97.27793121
583,97.25658036
584,97.19381714
585,97.14326477
586,97.07959366
587,97.03857041
588,97.0928154
589,97.15143586
590,97.32411194
591,97.40776825
592,97.49294663
593,97.53828812
594,97.51130295
595,97.45433808
596,97.32040024
597,97.19509888
598,97.06016541
599,96.98099136
600,96.97157669
601,96.97960663
602,97.05156708
603,97.09685517
604,97.13422013
605,97.12471008
606,97.05853653
607,96.98130036
608,96.89530945
609,96.81799317
610,96.78206253
611,96.79505539
612,96.86266709
613,96.98729325
614,97.14021683
615,97.31676865
616,97.42956925
617,97.48812103
618,97.5178566
619,97.48606491
620,97.4358635
621,97.31517411
622,97.28134918
623,97.24121094
624,97.29302216
625,97.34879303
626,97.49350357
627,97.58011627
628,97.70026398
629,97.74338913
630,97.75751496
631,97.69255447
632,97.56917572
633,97.43719483
634,97.2599144
635,97.11023713
636,97.02490235
637,96.91943741
638,96.94674683
639,96.99723053
640,97.06326676
641,97.11201859
642,97.12498856
643,97.11270523
644,97.10382843
645,97.01261521
646,96.90558243
647,96.81146241
648,96.77610779
649,96.81113434
650,96.89146805
651,96.98488617
652,97.16761399
653,97.33813858
654,97.53183365
655,97.65799713
656,97.74953461
657,97.79195786
658,97.74745941
659,97.66771317
660,97.54191971
661,97.4717598
662,97.41391373
663,97.38568497
664,97.41755677
665,97.54578019
666,97.66845322
667,97.81643677
668,97.94423294
669,98.00336075
670,98.04410172
671,97.99113083
672,97.90036011
673,97.75020981
674,97.56189728
675,97.42947769
676,97.27435303
677,97.21195221
678,97.21071625
679,97.21986008
680,97.30971146
681,97.37745667
682,97.4666214
683,97.54344559
684,97.51409912
685,97.54298783
686,97.44797135
687,97.36974335
688,97.25589753
689,97.16690827
690,97.13780975
691,97.12207413
692,97.16070938
693,97.25122452
694,97.3988266
695,97.50574494
696,97.68331528
697,97.79861832
698,97.90987778
699,98.00205994
700,98.00464249
701,97.99589158
702,97.92175293
703,97.8165741
704,97.65812683
705,97.56829453
706,97.41659165
707,97.28720474
708,97.17941285
709,97.08721924
710,97.02057267
711,97.02888107
712,97.0792923
713,97.14337921
714,97.28621292
715,97.44845963
716,97.54457474
717,97.71570588
718,97.77656174
719,97.79517365
720,97.76738358
721,97.35798645
722,96.58729553
723,95.15489579
724,93.06410599
725,90.28127671
726,87.01706696
727,83.43944168
728,79.70118714
729,75.93992806
730,72.08829689
731,68.35881615
732,64.70644474
733,61.17475033
734,57.97039128
735,55.26930189
736,53.11708498
737,51.52009272
738,50.50564587
739,49.83262581
740,49.42497397
741,49.18810284
742,49.0648229
743,48.9103196
744,48.86217546
745,48.74783426
746,48.70220303
747,48.55164742
748,48.4650631
749,48.3834607
750,48.30359824
751,48.24466992
752,48.01998621
753,47.59527807
754,46.44826075
755,44.63927994
756,41.75139147
757,38.13969906
758,33.690885
759,28.75360896
760,23.74230469
761,18.72821875
762,14.37503499
763,10.52027827
764,7.524154192
765,5.245308919
766,3.603488963
767,2.484405484
768,1.778064385
769,1.210068617
770,0.868701373
771,0.715150319
772,0.529788583
773,0.394859775
774,0.306186302
775,0.19462711
776,0.182417987
777,0.163830169
778,0.114199229
779,0.088402571
780,0.096258614
781,0.017901402
782,0.077045413
783,0.053345859
784,0.093994264
785,0.054827961
786,0.014852904
787,-0.036251909
788,0.036215236
789,-0.029560141
790,-0.008045089
791,-0.021008313
792,0.051387619
793,-0.031450179
794,-0.029690282
795,0.0041291
796,-0.033080692
797,-0.042071283
798,-0.032953908
799,0.034093351
800,-0.036374934
801,-0.048551865
802,-0.049828869
803,-0.014662449
804,-0.025955648
805,-0.059870098
806,-0.011695403
807,-0.02044921
808,-0.01151991
809,-0.034134289
810,-0.010681029
811,-0.010465067
812,-0.044637594
813,-0.015989275
814,-0.035806764
815,-0.010242565
816,-0.049385027
817,0.004403979
818,-0.049737444
819,-0.053285583
820,-0.025665878
821,-0.037488473
822,-0.022110468
823,-0.031813038
824,-0.018256002
825,-0.00821317
826,-0.041231305
827,-0.002673791
828,-0.028941263
829,-0.038157306
830,-0.052281249
831,-0.013347859
832,-0.012985462
833,-0.01398349
834,-0.035878237
835,-0.017499699
836,-0.011943928
837,-0.021093571
838,-0.005822879
839,-0.026698137
840,-0.027909215
841,-0.015574363
842,-0.020279604
843,-0.024168186
844,-0.021123152
845,-0.011597908
846,-0.003063365
847,0.006265402
848,-0.009799763
849,-0.024083238
850,-0.006301463
851,-0.016084592
852,-0.024706721
853,-0.011493772
854,-0.021134635
855,-0.0088351
856,-0.021822922
857,-0.007884044
858,-0.01376308
859,-0.006434424
860,-0.024330419
861,-0.019868825
862,-0.011982517
863,-0.011891116
864,-0.00660569
865,-0.006285332
866,-0.007168982
867,-0.005593451
868,-0.011044765
869,-0.008725641
870,0.000086118
871,-0.008586748
872,-0.013246441
873,-0.002399175
874,-0.010753113
875,-0.005418964
876,-0.001452737
877,-0.015369942
878,-0.010376735
879,-0.010083606
880,-0.008640685
881,-0.007480441
882,-0.00626699
883,-0.004798152
884,-0.007359752
885,-0.00904829
886,-0.000417056
887,-0.00379912
888,-0.006439298
889,-0.010772178
890,-0.011541862
891,-0.006074307
892,-0.006892981
893,-0.008495089
894,-0.005598889
895,-0.006172815
896,-0.005882559
897,-0.003579998
898,-0.004961889
899,-0.002313023
900,-0.007569902
901,-0.005893672
902,-0.003004794
903,-0.004056557
904,-0.004593033
905,-0.002484225
906,-0.005308413
907,-0.003066264
908,-0.004398732
909,-0.004193888
910,-0.002863018
911,-0.006303391
912,-0.002087319
913,-0.004107142
914,-0.002977097
915,-0.003650157
916,-0.004331979
917,-0.003377499
918,-0.002131752
919,-0.003486331
920,-0.003946223
921,-0.00335112
922,-0.004671919
923,-0.003643203
924,-0.00266111
925,-0.004248666
926,-0.000875831
927,-0.001602723
928,-0.002097424
929,-0.001661612
930,-0.000913912
931,-0.001415829
932,-0.000527729
933,-0.00134758
934,-0.00041547
935,-0.001203513
936,-0.000253161
937,0.000573894
938,0.000513672
939,0.002079886
940,0.001813975
941,0.001736078
942,0.004741314
943,0.008119623
944,0.016703577
945,0.035180141
946,0.059998161
947,0.093889565
948,0.13060591
949,0.16301225
950,0.185142097
951,0.19753465
952,0.201761049
953,0.20000429
954,0.197326781
955,0.193767899
956,0.191497065
957,0.187192803
958,0.182637965
959,0.17833627
960,0.172844323
961,0.163695881
962,0.151246682
963,0.131760549
964,0.109094879
965,0.085297278
966,0.062516523
967,0.046312187
968,0.035018586
969,0.030954165
970,0.029373034
971,0.029764899
972,0.03019803
973,0.032373992
974,0.036238042
975,0.04221408
976,0.049711808
977,0.060596829
978,0.076157523
979,0.096897697
980,0.125420263
981,0.159213975
982,0.19444796
983,0.229419751
984,0.259117129
985,0.282609881
986,0.299474602
987,0.309087682
988,0.31446395
989,0.315580399
990,0.314650053
991,0.3108589
992,0.306505164
993,0.298925592
994,0.288104686
995,0.275535141
996,0.257721184
997,0.235954196
998,0.21139
999,0.183379483
1000,0.156053967
1001,0.132398634
1002,0.113437806
1003,0.098795581
1004,0.087819357
1005,0.080793949
1006,0.075248937
1007,0.071391951
1008,0.069396681
1009,0.067548352
1010,0.067260605
1011,0.067851864
1012,0.069985768
1013,0.073117494
1014,0.077046631
1015,0.083389626
1016,0.090965674
1017,0.099775768
1018,0.112467226
1019,0.128001023
1020,0.14765765
1021,0.171282862
1022,0.200483746
1023,0.234752817
1024,0.272551334
1025,0.318346503
1026,0.365237575
1027,0.407382894
1028,0.450071901
1029,0.485704556
1030,0.515971148
1031,0.540536357
1032,0.557102191
1033,0.569686204
1034,0.574585612
1035,0.575092912
1036,0.570794051
1037,0.562679527
1038,0.547096319
1039,0.526710029
1040,0.503260637
1041,0.473088422
1042,0.439702673
1043,0.406096715
1044,0.369921977
1045,0.334988952
1046,0.305526313
1047,0.279496214
1048,0.257903334
1049,0.239859314
1050,0.224478279
1051,0.10918255
1052,0.135738008
1053,0.164865107
1054,0.136986613
1055,0.201833093
1056,0.234098907
1057,0.17422917
1058,0.195563522
1059,0.173343543
1060,0.252821102
1061,0.278063906
1062,0.279872088
1063,0.240964986
1064,0.285518335
1065,0.30524067
1066,0.34968915
1067,0.349609717
1068,0.410442514
1069,0.474790653
1070,0.595384522
1071,0.673986089
1072,0.816471528
1073,0.877889794
1074,0.978393257
1075,1.079517644
1076,1.21835538
1077,1.291723885
1078,1.409447122
1079,1.464042854
1080,1.545157559
1081,1.640594039
1082,1.695244838
1083,1.665072384
1084,1.739215436
1085,1.797293641
1086,1.783122876
1087,1.771562693
1088,1.735053451
1089,1.727032213
1090,1.688297853
1091,1.663937089
1092,1.591675185
1093,1.52972942
1094,1.476000249
1095,1.403709011
1096,1.330656775
1097,1.288410548
1098,1.235696199
1099,1.211235553
1100,1.128498182
1101,1.128045021
1102,1.089021383
1103,1.047670834
1104,1.058363084
1105,1.103798056
1106,1.079608109
1107,1.135560511
1108,1.171893189
1109,1.195787739
1110,1.24969488
1111,1.273597489
1112,1.372886755
1113,1.542300292
1114,1.605101638
1115,1.705417536
1116,1.904752017
1117,2.107005201
1118,2.352207572
1119,2.546715409
1120,2.897893489
1121,3.216167137
1122,3.557704047
1123,3.968048826
1124,4.438109726
1125,4.891850472
1126,5.372623144
1127,6.000690938
1128,6.621935365
1129,7.227424322
1130,7.792321248
1131,8.400126755
1132,8.883440649
1133,9.471717658
1134,9.949200654
1135,10.36863725
1136,10.71507196
1137,11.085865
1138,11.30436687
1139,11.56285269
1140,11.70392469
1141,11.87864771
1142,11.9412467
1143,11.93243991
1144,11.897672
1145,11.79282929
1146,11.68257043
1147,11.52967007
1148,11.37663079
1149,11.24640767
1150,11.09621687
1151,10.98472481
1152,10.93546847
1153,10.92319263
1154,10.94083032
1155,11.04711711
1156,11.19253439
1157,11.4101782
1158,11.71717027
1159,12.16856173
1160,12.6406993
1161,13.20664503
1162,13.88195109
1163,14.64574051
1164,15.53206628
1165,16.57929331
1166,17.74617416
1167,18.93817008
1168,20.35479105
1169,21.76904064
1170,23.32579696
1171,24.93829394
1172,26.69160473
1173,28.32210135
1174,29.96470237
1175,31.61977184
1176,33.06874537
1177,34.63207591
1178,36.0082854
1179,37.20249688
1180,38.28912866
1181,39.22609043
1182,40.05911577
1183,40.66655815
1184,41.20240593
1185,41.58406198
1186,41.74083483
1187,41.79292393
1188,41.72854554
1189,41.55596507
1190,41.22948313
1191,40.87173033
1192,40.39054692
1193,39.92930687
1194,39.46790123
1195,38.97895026
1196,38.49554181
1197,38.08263481
1198,37.70989227
1199,37.44902849
1200,37.28578306
1201,37.15051448
1202,37.18474126
1203,37.31563151
1204,37.59521055
1205,37.86386907
1206,38.35670948
1207,38.90470505
1208,39.49139571
1209,40.22726059
1210,41.09706974
1211,42.08879852
1212,43.10014105
1213,44.25472641
1214,45.52603912
1215,46.99141455
1216,48.58177281
1217,50.2458725
1218,52.01395798
1219,53.9342413
1220,55.79063893
1221,57.45606422
1222,59.19240379
1223,60.6468792
1224,61.75844384
1225,62.68455887
1226,63.19477082
1227,63.48861504
1228,63.40347481
1229,62.98257828
1230,62.34972573
1231,61.35861206
1232,60.11441994
1233,58.82461739
1234,57.39469147
1235,55.82161522
1236,54.37569428
1237,53.11442757
1238,51.90761185
1239,50.86933518
1240,49.99269485
1241,49.24651432
1242,48.71547318
1243,48.44219399
1244,48.27101803
1245,48.30995655
1246,48.50152969
1247,48.92457009
1248,49.59991074
1249,50.42395783
1250,51.421875
1251,52.61258698
1252,53.96409226
1253,55.47109032
1254,57.14700699
1255,58.95230103
1256,60.73130608
1257,62.60393525
1258,64.36930848
1259,65.92699051
1260,67.47631645
1261,68.87040329
1262,69.98616791
1263,70.95881272
1264,71.5591507
1265,71.97681046
1266,72.12342835
1267,72.09371185
1268,71.822855
1269,71.42407799
1270,70.79168511
1271,70.08074189
1272,69.28111267
1273,68.40328598
1274,67.44137574
1275,66.57787895
1276,65.64982414
1277,64.8375187
1278,63.96033859
1279,63.14709282
1280,62.32839203
1281,61.58538055
1282,60.87619209
1283,60.24767113
1284,59.60593605
1285,58.99759102
1286,58.41656208
1287,57.93234635
1288,57.45078468
1289,57.04999638
1290,56.70636654
1291,56.44062615
1292,56.25284767
1293,56.10311699
1294,56.05581284
1295,56.09086991
1296,56.2441864
1297,56.4586773
1298,56.76155854
1299,57.22566223
1300,57.72859574
1301,58.33825493
1302,59.04037857
1303,59.82502365
1304,60.64510155
1305,61.62772942
1306,62.6607914
1307,63.60146332
1308,64.65845299
1309,65.66514015
1310,66.59559822
1311,67.57718468
1312,68.41030503
1313,69.24839783
1314,69.98246575
1315,70.56962204
1316,71.07138825
1317,71.53014755
1318,71.87620926
1319,72.0311966
1320,72.15415573
1321,72.21211815
1322,72.12059021
1323,72.03842545
1324,71.79230881
1325,71.56098557
1326,71.24808312
1327,70.89901924
1328,70.59162712
1329,70.23949814
1330,69.82631111
1331,69.39953232
1332,69.01591873
1333,68.61364746
1334,68.23580361
1335,67.82362938
1336,67.45452881
1337,67.03351593
1338,66.65587998
1339,66.3098526
1340,65.92110825
1341,65.6061039
1342,65.32395935
1343,65.00668907
1344,64.69989968
1345,64.44611359
1346,64.24044419
1347,64.0558014
1348,63.91908455
1349,63.85226822
1350,63.74751091
1351,63.75639534
1352,63.75953675
1353,63.89269829
1354,64.02336311
1355,64.25478173
1356,64.48731613
1357,64.75553513
1358,65.06532288
1359,65.41098404
1360,65.8347931
1361,66.21322251
1362,66.70515633
1363,67.11228562
1364,67.61328125
1365,68.03359223
1366,68.45798874
1367,68.79276276
1368,69.24192429
1369,69.60115815
1370,69.91790962
1371,70.1816082
1372,70.39820862
1373,70.56760407
1374,70.73590088
1375,70.85687447
1376,70.91701698
1377,70.91273117
1378,70.96362305
1379,70.95781517
1380,70.95638657
1381,70.89172363
1382,70.85321236
1383,70.8015995
1384,70.71387673
1385,70.69848824
1386,70.63136864
1387,70.60007096
1388,70.58039856
1389,70.53505326
1390,70.49986649
1391,70.4754467
1392,70.4855671
1393,70.44855309
1394,70.41082001
1395,70.44390106
1396,70.43589211
1397,70.39816285
1398,70.39940834
1399,70.40304566
1400,70.36727524
1401,70.39253044
1402,70.32299042
1403,70.31171036
1404,70.32182312
1405,70.30542374
1406,70.27917671
1407,70.23408509
1408,70.26521111
1409,70.25157166
1410,70.31520271
1411,70.35425758
1412,70.34308243
1413,70.36999893
1414,70.45590401
1415,70.5389061
1416,70.66865349
1417,70.74004555
1418,70.91343308
1419,71.07891274
1420,71.23136711
1421,71.42697335
1422,71.57642937
1423,71.78549958
1424,71.93368912
1425,72.08974457
1426,72.26321411
1427,72.4047966
1428,72.5238533
1429,72.63887787
1430,72.72695923
1431,72.75462342
1432,72.77593994
1433,72.75025177
1434,72.70645905
1435,72.66027451
1436,72.53323364
1437,72.39740372
1438,72.2437172
1439,72.05379486
1440,71.84112549
1441,71.60469055
1442,71.35988999
1443,71.10758209
1444,70.88887978
1445,70.6230011
1446,70.41629219
1447,70.13859368
1448,69.92052079
1449,69.76644898
1450,69.58506394
1451,69.40476609
1452,69.3010788
1453,69.17892647
1454,69.10737038
1455,69.0232296
1456,69.01737023
1457,69.0328846
1458,69.01943779
1459,69.0699482
1460,69.14335442
1461,69.2473793
1462,69.33042527
1463,69.4693737
1464,69.61017227
1465,69.80112076
1466,69.92794228
1467,70.1234932
1468,70.27022362
1469,70.46395302
1470,70.63360405
1471,70.82704544
1472,71.00694657
1473,71.23052407
1474,71.42819977
1475,71.58585358
1476,71.82169151
1477,71.97572136
1478,72.23701668
1479,72.39499855
1480,72.62426567
1481,72.84160614
1482,72.98471832
1483,73.2105217
1484,73.43582916
1485,73.66291809
1486,73.86585426
1487,74.07600212
1488,74.28839112
1489,74.48651123
1490,74.68007088
1491,74.94020844
1492,75.15231896
1493,75.35875893
1494,75.57739067
1495,75.83181
1496,75.97998047
1497,76.12434769
1498,76.29356766
1499,76.44520951
1500,76.59303284
1501,76.69640732
1502,76.77722168
1503,76.83285141
1504,76.85404587
1505,76.76890564
1506,76.75480652
1507,76.67097855
1508,76.55180359
1509,76.40106583
1510,76.21279145
1511,75.99740219
1512,75.77302551
1513,75.49863434
1514,75.25536347
1515,75.02587128
1516,74.6558609
1517,74.35550308
1518,74.04817963
1519,73.75881958
1520,73.45037079
1521,73.12334443
1522,72.79275704
1523,72.54973412
1524,72.30839348
1525,72.02522659
1526,71.83265305
1527,71.59116936
1528,71.41626549
1529,71.29935646
1530,71.14827347
1531,71.05047036
1532,70.97016144
1533,70.94461251
1534,70.94576836
1535,70.90928078
1536,70.97481918
1537,71.02971077
1538,71.09300041
1539,71.21707154
1540,71.29997826
1541,71.49250794
1542,71.66344643
1543,71.82130623
1544,71.98874474
1545,72.20422173
1546,72.44219589
1547,72.65835571
1548,72.90927696
1549,73.15233612
1550,73.41841507
1551,73.66658783
1552,73.97868347
1553,74.22606659
1554,74.56398011
1555,74.73758888
1556,75.10981179
1557,75.38815308
1558,75.63971329
1559,75.90521813
1560,76.21486855
1561,76.50498581
1562,76.80109787
1563,77.07416153
1564,77.34057617
1565,77.63540268
1566,77.94733429
1567,78.2015133
1568,78.5120945
1569,78.71657753
1570,78.97766113
1571,79.22115708
1572,79.48590851
1573,79.77100372
1574,79.9210701
1575,80.18938828
1576,80.36407852
1577,80.48488236
1578,80.61959457
1579,80.80528641
1580,80.90148545
1581,80.92155075
1582,80.95391083
1583,80.97631836
1584,80.91287613
1585,80.88770676
1586,80.80106736
1587,80.61206436
1588,80.46735382
1589,80.27620697
1590,79.99344635
1591,79.76663208
1592,79.49088287
1593,79.1339531
1594,78.74752808
1595,78.35575867
1596,78.01111603
1597,77.51302719
1598,77.17004013
1599,76.67999268
1600,76.22082138
1601,75.8131485
1602,75.39255524
1603,74.89822388
1604,74.53295136
1605,74.00416565
1606,73.61704636
1607,73.20259094
1608,72.84942627
1609,72.45999909
1610,72.07674599
1611,71.81290817
1612,71.46609307
1613,71.21113396
1614,71.02388764
1615,70.74631882
1616,70.51372337
1617,70.34694863
1618,70.24678803
1619,70.11578179
1620,70.07526016
1621,69.99396896
1622,69.94411278
1623,69.95207024
1624,70.00642777
1625,70.06800652
1626,70.1014328
1627,70.20485497
1628,70.31884194
1629,70.47689247
1630,70.61215401
1631,70.82152557
1632,71.00083923
1633,71.21253968
1634,71.41049958
1635,71.64626503
1636,71.88880921
1637,72.17547226
1638,72.47715187
1639,72.7596798
1640,73.01563835
1641,73.42824364
1642,73.65808678
1643,73.95859719
1644,74.2987423
1645,74.71784401
1646,74.98135758
1647,75.36816216
1648,75.66922379
1649,75.92476654
1650,76.30491638
1651,76.62105751
1652,77.00652313
1653,77.33527947
1654,77.69565964
1655,77.94722557
1656,78.39239121
1657,78.66608048
1658,78.89834977
1659,79.34446144
1660,79.60117722
1661,79.90765763
1662,80.18093109
1663,80.51486588
1664,80.82284927
1665,81.0605774
1666,81.30390549
1667,81.5021286
1668,81.71609879
1669,81.94503784
1670,82.07800675
1671,82.24755097
1672,82.38479615
1673,82.48019409
1674,82.53297043
1675,82.60210038
1676,82.63599777
1677,82.67988587
1678,82.58547593
1679,82.54058457
1680,82.43480683
1681,82.33784485
1682,82.19294357
1683,81.87728882
1684,81.7471962
1685,81.43741608
1686,81.17519379
1687,80.92637253
1688,80.56110764
1689,80.20444489
1690,79.87329483
1691,79.45611954
1692,78.99910736
1693,78.5930481
1694,78.14538574
1695,77.75084686
1696,77.27995301
1697,76.77891922
1698,76.36636734
1699,75.8956604
1700,75.51710129
1701,75.09770966
1702,74.65646744
1703,74.23034287
1704,73.78290558
1705,73.48688889
1706,73.051651
1707,72.63275528
1708,72.35145188
1709,72.04718781
1710,71.78154373
1711,71.51238823
1712,71.21396828
1713,70.98584366
1714,70.7605381
1715,70.52606774
1716,70.40527344
1717,70.27500153
1718,70.15669823
1719,70.12453843
1720,70.00796891
1721,69.96498299
1722,69.90589714
1723,69.90167236
1724,69.97825241
1725,69.95420837
1726,70.01332474
1727,70.11582375
1728,70.18802262
1729,70.32797241
1730,70.45749664
1731,70.59393692
1732,70.78726769
1733,71.00941086
1734,71.11926079
1735,71.36686134
1736,71.66128731
1737,71.85335923
1738,72.10492897
1739,72.38900948
1740,72.65980339
1741,72.94453049
1742,73.22386742
1743,73.54273224
1744,73.78908348
1745,74.13634301
1746,74.47993088
1747,74.84226799
1748,75.18004418
1749,75.46997261
1750,75.83747101
1751,76.18099594
1752,76.58637238
1753,76.87500191
1754,77.22434426
1755,77.56797791
1756,77.95289421
1757,78.30603218
1758,78.63513184
1759,78.93776894
1760,79.314188
1761,79.65453148
1762,80.0382042
1763,80.35546112
1764,80.64892579
1765,80.99090958
1766,81.35927582
1767,81.70439148
1768,81.97496415
1769,82.27528763
1770,82.50664521
1771,82.77727509
1772,83.10883713
1773,83.29934311
1774,83.55506516
1775,83.7348671
1776,83.86474228
1777,84.04497528
1778,84.27441407
1779,84.27913666
1780,84.46668625
1781,84.58413697
1782,84.50327301
1783,84.42295838
1784,84.60351944
1785,84.51907349
1786,84.49549103
1787,84.37294388
1788,84.23242569
1789,84.11548996
1790,83.91369247
1791,83.83872223
1792,83.51715469
1793,83.30857468
1794,83.08305741
1795,82.81192398
1796,82.43349457
1797,82.13080597
1798,81.78998566
1799,81.50006485
1800,81.06158066
1801,80.59532166
1802,80.27524567
1803,79.83567429
1804,79.46775818
1805,79.02741242
1806,78.67499161
1807,78.19659043
1808,77.68671799
1809,77.24981308
1810,76.96103287
1811,76.60784149
1812,76.10004044
1813,75.67155838
1814,75.27753067
1815,74.94213486
1816,74.52907181
1817,74.22628784
1818,73.92181969
1819,73.63885499
1820,73.30076981
1821,73.03715897
1822,72.71080017
1823,72.44888306
1824,72.11120033
1825,72.02173042
1826,71.81400299
1827,71.6032753
1828,71.38617707
1829,71.30814553
1830,71.16250992
1831,71.11304856
1832,70.94379425
1833,70.88856697
1834,70.84221649
1835,70.87630844
1836,70.79154396
1837,70.9073925
1838,70.71076393
1839,70.88881302
1840,70.89243317
1841,70.88973618
1842,70.97187233
1843,71.02542687
1844,71.21573067
1845,71.3264122
1846,71.56605149
1847,71.51866913
1848,71.73634339
1849,71.97172547
1850,72.06898117
1851,72.3419075
1852,72.50226975
1853,72.61409378
1854,72.99512291
1855,73.22822952
1856,73.45048333
1857,73.88929749
1858,74.0568161
1859,74.30360222
1860,74.56847
1861,74.84101486
1862,75.30817986
1863,75.59496689
1864,75.7907219
1865,76.15161705
1866,76.44558144
1867,76.82903481
1868,77.07995606
1869,77.49296761
1870,77.75748062
1871,78.1381836
1872,78.47717095
1873,78.83812142
1874,79.18648529
1875,79.57387352
1876,80.00633431
1877,80.28389168
1878,80.64152336
1879,80.99635315
1880,81.46899414
1881,81.71886063
1882,81.98474503
1883,82.29343033
1884,82.64237595
1885,82.86564637
1886,83.33227539
1887,83.70506668
1888,83.88173676
1889,84.23732376
1890,84.47602463
1891,84.70807267
1892,84.95091629
1893,85.16509247
1894,85.58223343
1895,85.58218384
1896,85.9446373
1897,86.05661011
1898,86.16262055
1899,86.29852677
1900,86.49802399
1901,86.54119873
1902,86.79338074
1903,86.7050972
1904,86.76342011
1905,86.84708405
1906,86.79631806
1907,86.80170441
1908,86.65646363
1909,86.57345581
1910,86.78652191
1911,86.47399521
1912,86.3940239
1913,86.01450348
1914,85.87672043
1915,85.73000336
1916,85.4659729
1917,85.25295258
1918,85.06263733
1919,84.86735916
1920,84.3712616
1921,84.10313034
1922,83.87228394
1923,83.48163986
1924,83.14874268
1925,82.790905
1926,82.4364853
1927,81.99486923
1928,81.74616623
1929,81.43159867
1930,80.97933579
1931,80.37721634
1932,80.08607102
1933,79.87672424
1934,79.56411362
1935,78.91136551
1936,78.64281464
1937,78.29314041
1938,77.82243347
1939,77.49826813
1940,77.13457489
1941,76.60186005
1942,76.23987961
1943,75.98140335
1944,75.62585068
1945,75.38313675
1946,75.04362107
1947,74.78399659
1948,74.3632679
1949,74.07143593
1950,73.8505249
1951,73.67880249
1952,73.3230877
1953,73.19948769
1954,73.09907723
1955,72.83476639
1956,72.63699723
1957,72.34717369
1958,72.28082848
1959,72.22259712
1960,72.00476265
1961,72.02461052
1962,72.03540993
1963,71.79592133
1964,71.77262497
1965,71.81413651
1966,71.76987648
1967,71.53684617
1968,71.57256127
1969,71.70517731
1970,71.75156212
1971,71.66570282
1972,71.76553536
1973,71.68087006
1974,71.81440735
1975,71.86663246
1976,71.81475449
1977,72.18081093
1978,72.19265175
1979,72.291996
1980,72.50485421
1981,72.67524338
1982,72.84165955
1983,73.03223038
1984,73.36820603
1985,73.61981583
1986,73.59920502
1987,73.71928215
1988,73.99349785
1989,74.24324608
1990,74.44464493
1991,74.75518227
1992,74.8663826
1993,75.22244644
1994,75.51205063
1995,75.6763115
1996,75.96131325
1997,76.16341019
1998,76.56748009
1999,76.8304863
2000,76.95105934
2001,77.35383988
2002,77.7536583
2003,78.14920426
2004,78.32088661
2005,78.65653801
2006,78.89608765
2007,79.15096474
2008,79.44500542
2009,79.87989235
2010,80.19575119
2011,80.4349289
2012,80.84192276
2013,81.35630036
2014,81.64207077
2015,81.72587967
2016,82.161129
2017,82.45775223
2018,82.78983689
2019,83.09433746
2020,83.37155533
2021,83.73989868
2022,84.0528946
2023,84.36585999
2024,84.62692643
2025,84.96614075
2026,85.03318024
2027,85.4591713
2028,85.53195572
2029,85.78770065
2030,85.83358384
2031,86.3246727
2032,86.37117386
2033,86.71821594
2034,86.92547608
2035,87.197155
2036,87.04615784
2037,87.41286088
2038,87.56951523
2039,87.56795121
2040,87.93213654
2041,88.02986527
2042,87.98126984
2043,87.89381409
2044,88.11237335
2045,88.02744675
2046,88.03786469
2047,88.01971054
2048,88.38267517
2049,88.03897858
2050,87.87303925
2051,87.97868729
2052,87.69186402
2053,87.7832489
2054,87.48072434
2055,87.27912522
2056,87.07346726
2057,87.02661514
2058,86.64268876
2059,86.66212464
2060,86.42114258
2061,86.05444718
2062,85.7599144
2063,85.73975373
2064,85.1628418
2065,85.06144333
2066,84.59395218
2067,84.40662003
2068,83.92080689
2069,83.92436219
2070,83.30660248
2071,83.22042847
2072,82.76699448
2073,82.54476166
2074,82.10421372
2075,81.59151459
2076,81.28073502
2077,80.93998718
2078,80.66868592
2079,80.42733384
2080,80.07693863
2081,79.54602051
2082,79.42955017
2083,79.11657715
2084,78.46945954
2085,78.198349
2086,77.88161087
2087,77.57511521
2088,77.30034638
2089,77.17936325
2090,76.69163514
2091,76.62823105
2092,76.05364991
2093,75.87527848
2094,75.61769486
2095,75.25861359
2096,75.05034256
2097,74.75825501
2098,74.43198777
2099,74.41158295
2100,74.14136124
2101,74.07998467
2102,73.78634453
2103,73.6909256
2104,73.3893013
2105,73.25795174
2106,73.41377259
2107,72.97071457
2108,73.08230591
2109,73.00806427
2110,72.67736435
2111,72.69122696
2112,72.31407166
2113,72.39933014
2114,72.66058922
2115,72.48847389
2116,72.0379467
2117,72.38033867
2118,72.29406738
2119,72.49503327
2120,72.31059647
2121,72.30041504
2122,72.22454453
2123,72.28913689
2124,72.60778809
2125,72.68988991
2126,72.43736649
2127,72.72480202
2128,73.03070069
2129,72.74022866
2130,73.04931069
2131,72.71704674
2132,72.91827202
2133,73.24796677
2134,73.24276162
2135,73.53013611
2136,73.86933709
2137,73.7914486
2138,73.91192246
2139,74.1426754
2140,74.08688927
2141,74.38582993
2142,74.60526276
2143,75.16821671
2144,74.93932724
2145,75.13554192
2146,75.60172654
2147,75.74191857
2148,76.06877518
2149,76.21120263
2150,76.07871056
2151,76.62300873
2152,77.01983833
2153,76.96321488
2154,77.28630639
2155,77.56159401
2156,77.76194573
2157,78.02266693
2158,78.55859757
2159,78.80638886
2160,79.32267761
2161,79.19846917
2162,79.55779839
2163,80.08903885
2164,80.27709961
2165,80.10407639
2166,80.55991173
2167,80.95532227
2168,81.13401795
2169,81.42855454
2170,81.69836045
2171,81.98447418
2172,82.10943604
2173,82.36743164
2174,82.96073151
2175,83.27432633
2176,83.62503433
2177,83.76323319
2178,84.08290482
2179,84.50168991
2180,84.19974518
2181,84.78985596
2182,84.59346771
2183,84.90325165
2184,85.64396668
2185,85.69604874
2186,85.99912644
2187,85.81725693
2188,86.4296074
2189,86.59844971
2190,86.90705872
2191,86.84225464
2192,87.19776154
2193,87.11801529
2194,87.07527542
2195,87.33721543
2196,87.75580597
2197,87.77436448
2198,87.74300003
2199,87.59196472
2200,88.00460434
2201,88.38267517
2202,87.73391724
2203,88.25794983
2204,87.78657913
2205,88.48562622
2206,88.44906235
2207,88.32645798
2208,88.04042435
2209,88.15147782
2210,88.33167267
2211,87.74793244
2212,88.31357193
2213,87.93040467
2214,88.16160203
2215,87.43313599
2216,87.82854081
2217,87.810112
2218,87.41540528
2219,87.43979645
2220,87.34299469
2221,87.26459122
2222,87.37439728
2223,86.57007218
2224,86.72284699
2225,86.57310105
2226,86.2915535
2227,85.57351303
2228,85.43457413
2229,85.63869477
2230,85.4367981
2231,85.2009697
2232,84.85718918
2233,84.54458237
2234,84.3742981
2235,84.01532745
2236,83.54174424
2237,83.39790344
2238,83.10155488
2239,82.78841782
2240,82.49232102
2241,82.45578385
2242,82.00078583
2243,81.35651779
2244,81.10242081
2245,80.65319824
2246,80.49939728
2247,80.33210373
2248,80.0983162
2249,79.82056427
2250,79.26073075
2251,79.03228379
2252,78.40546036
2253,78.27862168
2254,78.07534027
2255,77.74348069
2256,77.52347565
2257,77.0487175
2258,77.04982758
2259,76.69722367
2260,76.43955994
2261,76.43235398
2262,75.64284516
2263,75.59169388
2264,75.10258103
2265,75.59481049
2266,74.90885926
2267,75.22138977
2268,74.61127472
2269,74.53061104
2270,73.98822022
2271,73.92938805
2272,73.533638
2273,73.35202408
2274,73.70555115
2275,73.32860184
2276,73.22262383
2277,72.94659233
2278,72.20764542
2279,72.88409996
2280,72.47416115
2281,72.67591858
2282,72.58746529
2283,72.80810929
2284,71.78943253
2285,72.61173821
2286,72.11656762
2287,72.0507927
2288,71.42868424
2289,71.7470913
2290,72.15590668
2291,71.78341484
2292,71.40950775
2293,71.59480667
2294,71.69257355
2295,71.67567444
2296,71.69659615
2297,71.53100014
2298,71.65146256
2299,71.61256027
2300,71.89077187
2301,71.53467751
2302,71.95921898
2303,71.99399185
2304,72.04295349
2305,72.05309105
2306,72.19742394
2307,72.11857033
2308,71.98741531
2309,72.13559532
2310,72.38254929
2311,71.70039559
2312,72.44013787
2313,72.92552567
2314,73.4874878
2315,72.70463753
2316,72.74943543
2317,73.34310723
2318,73.27881051
2319,73.66676521
2320,73.27496719
2321,73.32703591
2322,74.19162941
2323,74.11236573
2324,74.92868424
2325,74.63181496
2326,74.55604172
2327,74.9899292
2328,75.08670998
2329,74.92612648
2330,75.67767716
2331,75.54633713
2332,75.4383545
2333,76.23980713
2334,75.91311837
2335,76.39531899
2336,77.09600067
2337,76.59435654
2338,76.41650009
2339,77.27847672
2340,77.88860893
2341,78.27431297
2342,78.07481194
2343,78.03515434
2344,78.58117867
2345,78.83294869
2346,78.94789887
2347,78.78981018
2348,79.34969139
2349,79.92238617
2350,79.95762062
2351,79.88741875
2352,80.28443528
2353,80.62298584
2354,81.35865784
2355,81.32485962
2356,81.71523285
2357,82.17013169
2358,82.13205719
2359,81.95902252
2360,83.14509201
2361,82.84925461
2362,83.38557816
2363,83.1617508
2364,82.62023163
2365,83.39183808
2366,84.65146256
2367,83.71936417
2368,84.83362579
2369,84.30802536
2370,84.99996186
2371,84.83776093
2372,85.66275025
2373,85.56558991
2374,85.76322174
2375,86.18313218
2376,86.54199601
2377,86.8484459
2378,86.85950089
2379,87.06840897
2380,86.78040314
2381,86.75093079
2382,87.71464157
2383,88.23729324
2384,88.02307892
2385,87.27705002
2386,87.83610153
2387,88.30149078
2388,87.92319489
2389,88.23727036
2390,88.99610901
2391,89.80168152
2392,89.18464661
2393,89.06588364
2394,88.56491471
2395,89.29679108
2396,89.07796478
2397,88.43698883
2398,88.80867386
2399,89.04372025
2400,89.13620758
2401,88.86199188
2402,89.25633621
2403,88.6056633
2404,89.20133973
2405,89.39905167
2406,88.92147827
2407,88.74165726
2408,88.74326706
2409,89.02066422
2410,89.24862671
2411,88.5398407
2412,89.43881989
2413,89.80374909
2414,88.06000901
2415,88.09269333
2416,87.45737458
2417,88.36883164
2418,88.55361557
2419,88.56331253
2420,88.21110154
2421,87.83121872
2422,87.98956299
2423,87.10326767
2424,86.98837662
2425,85.68400574
2426,86.50311661
2427,86.79968262
2428,85.96281434
2429,86.73061753
2430,85.72748185
2431,85.57281113
2432,84.57232666
2433,85.35790253
2434,84.58531189
2435,84.63446045
2436,83.86725235
2437,84.03318405
2438,83.7912674
2439,84.13087082
2440,83.12483597
2441,83.55583572
2442,83.43975449
2443,82.14610291
2444,82.03936005
2445,81.09819413
2446,82.0347786
2447,80.15511322
2448,81.38646698
2449,80.76737976
2450,81.08586884
2451,80.21887589
2452,80.96857834
2453,79.27436829
2454,79.09460831
2455,79.29520035
2456,78.88084031
2457,78.72220993
2458,79.18194199
2459,77.4759407
2460,77.29253388
2461,77.95104981
2462,77.26825333
2463,78.23959732
2464,77.22781372
2465,76.75016785
2466,76.62696839
2467,77.19373322
2468,74.94593621
2469,76.98793411
2470,76.66582108
2471,76.35837937
2472,75.70347214
2473,74.93341065
2474,75.33355713
2475,75.60057831
2476,74.83267975
2477,75.04548264
2478,74.40013886
2479,74.16901017
2480,74.61049652
2481,74.61721421
2482,74.7687397
2483,74.90049934
2484,74.45409966
2485,74.67438317
2486,73.83791352
2487,74.07118798
2488,73.22925377
2489,71.83600617
2490,73.50130272
2491,74.21282006
2492,73.00179672
2493,73.86514854
2494,72.09159279
2495,72.40698624
2496,72.27170182
2497,72.78443909
2498,72.12111283
2499,72.55161858
2500,72.40870285
