,Unnamed: 0,Wavelength (nm),% Transmission,% Transmission.1
,,2600,84.75854100000001,86.011865
,,2599,84.75907600000001,85.992782
,,2598,84.783873,86.001558
,,2597,84.783822,86.019023
,Product Raw Data,2596,84.81246800000001,86.055959
,Temperature-Balancing Filters,2595,84.815228,86.03716800000001
,,2594,84.815391,86.010109
FGT Filters,Item #,2593,84.827295,86.045232
,DISCLAIMER: The data presented here are typical. Slight variations in performance data will occur from lot to lot. Please contact Technical Support with any questions regarding the use or reliability of this data.,2592,84.85846000000001,86.044984
,,2591,84.83583,85.9948
,,2590,84.848149,86.021207
,,2589,84.82933200000001,86.04014600000001
,,2588,84.80149200000001,86.039665
,,2587,84.844119,86.06018200000001
,"This data may be used in publications. However, please cite Thorlabs as the source.",2586,84.821139,86.03451700000001
,,2585,84.82442400000001,86.03756700000001
,,2584,84.846152,86.01468100000001
,Additional Information:,2583,84.85688,86.01052200000001
,,2582,84.846249,86.035714
,,2581,84.83356500000001,86.04093800000001
,,2580,84.81448900000001,86.024074
,,2579,84.840209,86.006066
,,2578,84.842622,86.01385900000001
,,2577,84.84833900000001,86.01734900000001
,,2576,84.84387600000001,85.98893000000001
,,2575,84.864812,86.004275
,,2574,84.83940100000001,86.022773
,,2573,84.840033,86.02927000000001
,,2572,84.847447,85.990313
,,2571,84.85477,85.984868
,,2570,84.882143,85.991873
,,2569,84.90940900000001,85.95076
,,2568,84.896344,85.96971400000001
,,2567,84.897266,85.99167200000001
,,2566,84.924774,85.992947
,,2565,84.915287,86.02528600000001
,,2564,84.910432,85.98575600000001
,,2563,84.905242,85.990628
,,2562,84.922774,85.99869100000001
,,2561,84.907757,85.980379
,,2560,84.920798,85.980305
,,2559,84.898285,85.990695
,,2558,84.900788,85.96541900000001
,,2557,84.883414,85.955194
,,2556,84.88335500000001,85.970025
,,2555,84.890236,85.957885
,,2554,84.89886200000001,85.980647
,,2553,84.898345,85.967922
,,2552,84.908456,85.96954600000001
,,2551,84.94138000000001,85.972886
,,2550,84.94177900000001,86.00470800000001
,,2549,84.942251,85.98472000000001
,,2548,84.987362,85.972858
,,2547,84.95891400000001,85.97060400000001
,,2546,84.95414600000001,85.95966
,,2545,84.92659300000001,85.952543
,,2544,84.921598,85.914658
,,2543,84.9649,85.939845
,,2542,84.939442,85.963284
,,2541,84.941349,85.96255000000001
,,2540,84.92533200000001,85.930249
,,2539,84.938516,85.928436
,,2538,84.95341400000001,85.928853
,,2537,84.970319,85.924746
,,2536,84.98086500000001,85.95918300000001
,,2535,84.96601100000001,85.934449
,,2534,84.96507700000001,85.922798
,,2533,84.993734,85.907628
,,2532,85.00017000000001,85.892683
,,2531,84.976284,85.92609800000001
,,2530,84.978037,85.894338
,,2529,84.98088,85.891333
,,2528,84.973439,85.883053
,,2527,84.971833,85.894283
,,2526,84.97928900000001,85.925673
,,2525,84.981452,85.902444
,,2524,84.97955800000001,85.90107
,,2523,84.967854,85.88842600000001
,,2522,84.971607,85.88302900000001
,,2521,85.00645,85.874852
,,2520,85.01578,85.893369
,,2519,85.007278,85.884825
,,2518,84.986631,85.86243400000001
,,2517,84.981311,85.87085900000001
,,2516,84.99919,85.86456100000001
,,2515,85.003414,85.873467
,,2514,84.99239800000001,85.88664800000001
,,2513,84.99644500000001,85.892626
,,2512,85.00819,85.89035
,,2511,85.007875,85.87459600000001
,,2510,85.00896800000001,85.86853
,,2509,85.00339000000001,85.856493
,,2508,85.00948000000001,85.85391200000001
,,2507,85.01028000000001,85.88677200000001
,,2506,85.014662,85.85483
,,2505,85.011351,85.852072
,,2504,85.019557,85.84102100000001
,,2503,85.02281500000001,85.826463
,,2502,84.99177,85.845991
,,2501,84.982625,85.849162
,,2500,85.006707,85.834828
,,2499,85.031445,85.82497000000001
,,2498,85.010821,85.81902000000001
,,2497,85.017302,85.82939400000001
,,2496,85.052678,85.830126
,,2495,85.06103300000001,85.836517
,,2494,85.053787,85.829801
,,2493,85.037277,85.820068
,,2492,85.027254,85.796082
,,2491,85.037149,85.788105
,,2490,85.021484,85.79997300000001
,,2489,85.01824400000001,85.81469100000001
,,2488,85.033986,85.804163
,,2487,85.047852,85.79185000000001
,,2486,85.03900200000001,85.79846
,,2485,85.034502,85.8007
,,2484,85.039777,85.79043700000001
,,2483,85.04758100000001,85.797735
,,2482,85.057855,85.791043
,,2481,85.053916,85.797157
,,2480,85.05260200000001,85.796774
,,2479,85.052738,85.787278
,,2478,85.047236,85.782138
,,2477,85.04666200000001,85.76283000000001
,,2476,85.06855,85.76226100000001
,,2475,85.05584300000001,85.76877900000001
,,2474,85.055655,85.77428900000001
,,2473,85.048364,85.78076300000001
,,2472,85.040906,85.759145
,,2471,85.05019200000001,85.739293
,,2470,85.065754,85.74434500000001
,,2469,85.08031600000001,85.73458600000001
,,2468,85.06322700000001,85.726642
,,2467,85.044182,85.73663400000001
,,2466,85.06230500000001,85.735224
,,2465,85.082814,85.723749
,,2464,85.079435,85.71191900000001
,,2463,85.070206,85.717138
,,2462,85.08037,85.731187
,,2461,85.08757100000001,85.72639600000001
,,2460,85.08417100000001,85.71726100000001
,,2459,85.07978,85.70272
,,2458,85.08317000000001,85.697947
,,2457,85.07693400000001,85.71383300000001
,,2456,85.07899,85.72194400000001
,,2455,85.101578,85.723229
,,2454,85.089674,85.70787200000001
,,2453,85.101786,85.69970400000001
,,2452,85.137017,85.686204
,,2451,85.116589,85.67148300000001
,,2450,85.095174,85.66763300000001
,,2449,85.113195,85.664096
,,2448,85.11911900000001,85.66183600000001
,,2447,85.101651,85.66167700000001
,,2446,85.088812,85.673247
,,2445,85.09436500000001,85.66798800000001
,,2444,85.102333,85.660865
,,2443,85.10755900000001,85.664636
,,2442,85.112139,85.67018800000001
,,2441,85.121592,85.66221900000001
,,2440,85.12526700000001,85.64618
,,2439,85.133166,85.63659200000001
,,2438,85.1444,85.635434
,,2437,85.133713,85.617334
,,2436,85.128923,85.614996
,,2435,85.124387,85.611666
,,2434,85.11773500000001,85.599621
,,2433,85.113265,85.612094
,,2432,85.120523,85.613011
,,2431,85.13217,85.606634
,,2430,85.123975,85.598957
,,2429,85.127589,85.59679
,,2428,85.131269,85.60652900000001
,,2427,85.12201900000001,85.604725
,,2426,85.13272900000001,85.589267
,,2425,85.147765,85.587691
,,2424,85.146489,85.58927800000001
,,2423,85.149313,85.56964500000001
,,2422,85.159164,85.55914700000001
,,2421,85.149529,85.57160800000001
,,2420,85.128218,85.58072700000001
,,2419,85.119701,85.580591
,,2418,85.12728700000001,85.569877
,,2417,85.13892700000001,85.56523
,,2416,85.14224700000001,85.570515
,,2415,85.140479,85.570902
,,2414,85.14507300000001,85.54800300000001
,,2413,85.143061,85.533423
,,2412,85.13215500000001,85.542226
,,2411,85.132458,85.534698
,,2410,85.136678,85.516264
,,2409,85.133364,85.49991700000001
,,2408,85.14585000000001,85.49176700000001
,,2407,85.140501,85.49210400000001
,,2406,85.114084,85.477396
,,2405,85.11248300000001,85.47202200000001
,,2404,85.11802800000001,85.481958
,,2403,85.120823,85.476285
,,2402,85.124819,85.46015200000001
,,2401,85.13745200000001,85.44467
,,2400,85.134561,85.432855
,,2399,85.114641,85.450974
,,2398,85.103493,85.46398
,,2397,85.10319700000001,85.442874
,,2396,85.107241,85.42917700000001
,,2395,85.098608,85.430355
,,2394,85.095596,85.43172
,,2393,85.10033,85.41188100000001
,,2392,85.098076,85.395104
,,2391,85.09808500000001,85.38196
,,2390,85.09376300000001,85.377695
,,2389,85.093889,85.379377
,,2388,85.09024600000001,85.36360900000001
,,2387,85.08100300000001,85.353677
,,2386,85.079346,85.350631
,,2385,85.085054,85.34312200000001
,,2384,85.073549,85.316862
,,2383,85.055923,85.319604
,,2382,85.04734400000001,85.324448
,,2381,85.037734,85.320125
,,2380,85.031896,85.318633
,,2379,85.032273,85.30721100000001
,,2378,85.037092,85.278964
,,2377,85.04778900000001,85.26202500000001
,,2376,85.05059200000001,85.255881
,,2375,85.039429,85.26335
,,2374,85.03685300000001,85.271465
,,2373,85.02574700000001,85.266169
,,2372,85.005205,85.245191
,,2371,84.9914,85.240116
,,2370,84.99215500000001,85.217117
,,2369,85.000461,85.17304100000001
,,2368,84.986435,85.158742
,,2367,84.98157400000001,85.159712
,,2366,84.990111,85.15279000000001
,,2365,84.982658,85.142633
,,2364,84.97647900000001,85.144819
,,2363,84.96288700000001,85.158851
,,2362,84.960468,85.143685
,,2361,84.963215,85.120213
,,2360,84.959979,85.11964900000001
,,2359,84.966937,85.107077
,,2358,84.955712,85.112218
,,2357,84.944381,85.11865200000001
,,2356,84.935174,85.08958700000001
,,2355,84.926347,85.075117
,,2354,84.92447700000001,85.07953400000001
,,2353,84.907185,85.07028600000001
,,2352,84.917749,85.055063
,,2351,84.92668300000001,85.040385
,,2350,84.92435900000001,85.06154000000001
,,2349,84.91659200000001,85.038849
,,2348,84.878721,85.005858
,,2347,84.864615,84.995119
,,2346,84.85954500000001,84.978797
,,2345,84.847284,84.96817
,,2344,84.856443,84.95953700000001
,,2343,84.838632,84.97097500000001
,,2342,84.827405,84.95760800000001
,,2341,84.81667200000001,84.94779000000001
,,2340,84.81457400000001,84.93079900000001
,,2339,84.80329900000001,84.92380100000001
,,2338,84.79634700000001,84.914507
,,2337,84.798057,84.89652500000001
,,2336,84.809641,84.875506
,,2335,84.79740000000001,84.901959
,,2334,84.78657000000001,84.884707
,,2333,84.771653,84.86843400000001
,,2332,84.76314,84.85393900000001
,,2331,84.75133600000001,84.829561
,,2330,84.76385300000001,84.817959
,,2329,84.761111,84.80064200000001
,,2328,84.744245,84.777144
,,2327,84.734772,84.78859200000001
,,2326,84.7266,84.780158
,,2325,84.740487,84.774505
,,2324,84.702484,84.761632
,,2323,84.69496500000001,84.74161600000001
,,2322,84.689986,84.73633500000001
,,2321,84.67652100000001,84.715714
,,2320,84.66976600000001,84.693314
,,2319,84.65993900000001,84.693348
,,2318,84.672661,84.691095
,,2317,84.660148,84.68835200000001
,,2316,84.643575,84.666227
,,2315,84.62966300000001,84.656666
,,2314,84.62655000000001,84.640116
,,2313,84.602514,84.60683900000001
,,2312,84.58235400000001,84.602973
,,2311,84.574476,84.58846100000001
,,2310,84.57911,84.58548300000001
,,2309,84.560214,84.55156600000001
,,2308,84.56579,84.57154200000001
,,2307,84.573891,84.53704
,,2306,84.562824,84.51488
,,2305,84.538065,84.51094400000001
,,2304,84.537225,84.499533
,,2303,84.51168100000001,84.46579700000001
,,2302,84.49695100000001,84.46491900000001
,,2301,84.500567,84.45402100000001
,,2300,84.49686700000001,84.452758
,,2299,84.465693,84.431247
,,2298,84.439688,84.41674400000001
,,2297,84.422764,84.40083200000001
,,2296,84.438241,84.375466
,,2295,84.415199,84.373405
,,2294,84.40759,84.37954400000001
,,2293,84.406192,84.365054
,,2292,84.388779,84.355259
,,2291,84.367372,84.343044
,,2290,84.368667,84.31847300000001
,,2289,84.360703,84.29160200000001
,,2288,84.359566,84.283803
,,2287,84.338738,84.26065
,,2286,84.321292,84.24497000000001
,,2285,84.335372,84.237645
,,2284,84.317531,84.240913
,,2283,84.284664,84.2273
,,2282,84.266529,84.21622500000001
,,2281,84.25385800000001,84.191111
,,2280,84.24396200000001,84.17188800000001
,,2279,84.231257,84.14896200000001
,,2278,84.22502200000001,84.131448
,,2277,84.19575800000001,84.133492
,,2276,84.207131,84.099191
,,2275,84.201757,84.08533800000001
,,2274,84.19250100000001,84.08072700000001
,,2273,84.17429,84.090421
,,2272,84.175551,84.06713500000001
,,2271,84.14441000000001,84.04346000000001
,,2270,84.14146600000001,84.018918
,,2269,84.109702,83.99882500000001
,,2268,84.092403,83.984789
,,2267,84.070057,83.964985
,,2266,84.06376800000001,83.95935800000001
,,2265,84.07627500000001,83.936845
,,2264,84.084219,83.91106
,,2263,84.069795,83.889774
,,2262,84.03111600000001,83.90790600000001
,,2261,84.02071000000001,83.88302800000001
,,2260,84.00931,83.859325
,,2259,83.98586200000001,83.83155400000001
,,2258,83.968967,83.826655
,,2257,83.94782000000001,83.818639
,,2256,83.93783,83.79654400000001
,,2255,83.94928300000001,83.792552
,,2254,83.92199500000001,83.76579500000001
,,2253,83.91880900000001,83.77264000000001
,,2252,83.89854600000001,83.726833
,,2251,83.896573,83.72037200000001
,,2250,83.887845,83.72741500000001
,,2249,83.888643,83.716845
,,2248,83.848679,83.68623600000001
,,2247,83.84359500000001,83.670883
,,2246,83.829419,83.659289
,,2245,83.812776,83.625479
,,2244,83.783671,83.586146
,,2243,83.79050600000001,83.58012400000001
,,2242,83.78726300000001,83.556779
,,2241,83.772204,83.573165
,,2240,83.76402900000001,83.575444
,,2239,83.7359,83.52394600000001
,,2238,83.70963300000001,83.50021600000001
,,2237,83.720803,83.48190600000001
,,2236,83.716082,83.453305
,,2235,83.698773,83.428573
,,2234,83.69501100000001,83.403706
,,2233,83.694145,83.376394
,,2232,83.665602,83.401009
,,2231,83.64359300000001,83.411198
,,2230,83.651846,83.37859800000001
,,2229,83.59752800000001,83.367063
,,2228,83.60560000000001,83.338685
,,2227,83.59712800000001,83.32822300000001
,,2226,83.569434,83.29347700000001
,,2225,83.558459,83.287621
,,2224,83.558344,83.29641000000001
,,2223,83.58199900000001,83.27216
,,2222,83.577546,83.25813500000001
,,2221,83.555332,83.27563400000001
,,2220,83.539872,83.243925
,,2219,83.52008400000001,83.199916
,,2218,83.509062,83.21378100000001
,,2217,83.50353100000001,83.204519
,,2216,83.50798,83.191426
,,2215,83.507782,83.16419300000001
,,2214,83.515241,83.164856
,,2213,83.46034900000001,83.137758
,,2212,83.478605,83.134539
,,2211,83.465924,83.10460300000001
,,2210,83.471896,83.085025
,,2209,83.466868,83.091572
,,2208,83.453891,83.073403
,,2207,83.443144,83.05416600000001
,,2206,83.422984,83.038325
,,2205,83.447721,83.013665
,,2204,83.425506,83.01362400000001
,,2203,83.427614,83.020701
,,2202,83.43191200000001,83.02281
,,2201,83.42450500000001,82.99377700000001
,,2200,83.42949200000001,82.964206
,,2199,83.41835400000001,82.969583
,,2198,83.402826,82.98962300000001
,,2197,83.388666,82.943865
,,2196,83.411304,82.903039
,,2195,83.414528,82.861413
,,2194,83.39617700000001,82.884704
,,2193,83.405108,82.89882300000001
,,2192,83.417263,82.873643
,,2191,83.426793,82.862892
,,2190,83.435512,82.869539
,,2189,83.425126,82.865458
,,2188,83.435084,82.83661500000001
,,2187,83.44136900000001,82.803244
,,2186,83.449571,82.818185
,,2185,83.432456,82.79895400000001
,,2184,83.41781,82.794353
,,2183,83.381853,82.770611
,,2182,83.406136,82.753708
,,2181,83.41544400000001,82.77712000000001
,,2180,83.427825,82.77368600000001
,,2179,83.393747,82.745496
,,2178,83.412496,82.720732
,,2177,83.407455,82.70525400000001
,,2176,83.39663800000001,82.719954
,,2175,83.394458,82.70881100000001
,,2174,83.378664,82.68259300000001
,,2173,83.384258,82.643449
,,2172,83.398453,82.618463
,,2171,83.389049,82.589977
,,2170,83.361879,82.627982
,,2169,83.353847,82.60866200000001
,,2168,83.33793800000001,82.589746
,,2167,83.35372000000001,82.549829
,,2166,83.356513,82.55005600000001
,,2165,83.33716100000001,82.542348
,,2164,83.32059500000001,82.55743100000001
,,2163,83.31637,82.51641400000001
,,2162,83.31197,82.48023500000001
,,2161,83.30046300000001,82.47086900000001
,,2160,83.302126,82.45338100000001
,,2159,83.300807,82.45390400000001
,,2158,83.281155,82.43505400000001
,,2157,83.29387100000001,82.406526
,,2156,83.27385100000001,82.41298900000001
,,2155,83.231221,82.389914
,,2154,83.233528,82.369658
,,2153,83.22830300000001,82.337198
,,2152,83.19872600000001,82.292198
,,2151,83.202791,82.250788
,,2150,83.189953,82.273853
,,2149,83.158347,82.268893
,,2148,83.142223,82.24795900000001
,,2147,83.120537,82.23481100000001
,,2146,83.130251,82.22664400000001
,,2145,83.10473400000001,82.21105
,,2144,83.095357,82.205565
,,2143,83.101386,82.151432
,,2142,83.08678400000001,82.142217
,,2141,83.081173,82.132845
,,2140,83.083287,82.12178800000001
,,2139,83.050053,82.090629
,,2138,83.021299,82.08083
,,2137,83.02306700000001,82.04674200000001
,,2136,83.008842,82.041877
,,2135,82.98948,82.024287
,,2134,82.978792,81.989517
,,2133,82.965827,81.965243
,,2132,82.939183,81.956778
,,2131,82.947198,81.930937
,,2130,82.937728,81.92166300000001
,,2129,82.912076,81.901279
,,2128,82.868564,81.888236
,,2127,82.878611,81.86419500000001
,,2126,82.899811,81.844001
,,2125,82.877476,81.81809200000001
,,2124,82.84668900000001,81.797075
,,2123,82.83221400000001,81.798911
,,2122,82.82963000000001,81.792688
,,2121,82.83457800000001,81.76821600000001
,,2120,82.821109,81.747631
,,2119,82.786438,81.746329
,,2118,82.764115,81.71812800000001
,,2117,82.75868600000001,81.697711
,,2116,82.746435,81.665091
,,2115,82.71310000000001,81.626985
,,2114,82.68811500000001,81.634192
,,2113,82.67112900000001,81.61184300000001
,,2112,82.65026300000001,81.59549200000001
,,2111,82.64582700000001,81.54985400000001
,,2110,82.642987,81.510468
,,2109,82.62069500000001,81.484595
,,2108,82.610072,81.465883
,,2107,82.59967900000001,81.436559
,,2106,82.58509000000001,81.394034
,,2105,82.56797200000001,81.379292
,,2104,82.536006,81.38136
,,2103,82.50717200000001,81.368204
,,2102,82.499477,81.348225
,,2101,82.482566,81.31914300000001
,,2100,82.463059,81.289623
,,2099,82.45897400000001,81.290881
,,2098,82.452111,81.267035
,,2097,82.432248,81.24005700000001
,,2096,82.405772,81.202752
,,2095,82.39639700000001,81.184572
,,2094,82.381029,81.167088
,,2093,82.35701900000001,81.138192
,,2092,82.326149,81.09958800000001
,,2091,82.289356,81.08176900000001
,,2090,82.280474,81.069505
,,2089,82.2821,81.061133
,,2088,82.28671700000001,81.04514300000001
,,2087,82.247477,81.008797
,,2086,82.216679,80.982252
,,2085,82.219238,80.957667
,,2084,82.19177,80.928105
,,2083,82.161125,80.924154
,,2082,82.140252,80.92548400000001
,,2081,82.12136100000001,80.89301300000001
,,2080,82.09591400000001,80.854995
,,2079,82.076379,80.816636
,,2078,82.062388,80.78988600000001
,,2077,82.05352900000001,80.76829400000001
,,2076,82.039921,80.742745
,,2075,82.00706600000001,80.710679
,,2074,82.001253,80.67598000000001
,,2073,82.00085800000001,80.64795500000001
,,2072,81.96846500000001,80.653086
,,2071,81.928042,80.620534
,,2070,81.897647,80.588706
,,2069,81.87018300000001,80.57217200000001
,,2068,81.87603700000001,80.555828
,,2067,81.87967400000001,80.527343
,,2066,81.84270400000001,80.505914
,,2065,81.80306200000001,80.477835
,,2064,81.78502800000001,80.45311600000001
,,2063,81.775385,80.424555
,,2062,81.743753,80.39121
,,2061,81.716047,80.372174
,,2060,81.69798300000001,80.34545700000001
,,2059,81.67857400000001,80.32565100000001
,,2058,81.665221,80.303066
,,2057,81.632796,80.27163300000001
,,2056,81.607375,80.25999
,,2055,81.595903,80.229224
,,2054,81.57726000000001,80.1863
,,2053,81.558769,80.159677
,,2052,81.543807,80.151314
,,2051,81.517352,80.11974000000001
,,2050,81.496553,80.080644
,,2049,81.47537200000001,80.060095
,,2048,81.43428700000001,80.042384
,,2047,81.411477,80.02061
,,2046,81.40886,79.998233
,,2045,81.391322,79.967146
,,2044,81.356138,79.92821400000001
,,2043,81.33524100000001,79.903799
,,2042,81.324019,79.891565
,,2041,81.288061,79.86484300000001
,,2040,81.262591,79.82226
,,2039,81.263191,79.797066
,,2038,81.240497,79.78086400000001
,,2037,81.22497200000001,79.74616300000001
,,2036,81.218337,79.703074
,,2035,81.182204,79.665881
,,2034,81.15441700000001,79.653997
,,2033,81.128866,79.636545
,,2032,81.10625900000001,79.598698
,,2031,81.069998,79.562566
,,2030,81.034445,79.534236
,,2029,81.016712,79.51710700000001
,,2028,80.999155,79.495181
,,2027,80.960644,79.451963
,,2026,80.939706,79.396072
,,2025,80.926213,79.37859
,,2024,80.899028,79.36245500000001
,,2023,80.86693100000001,79.318223
,,2022,80.83366500000001,79.292416
,,2021,80.81934100000001,79.27360900000001
,,2020,80.80032100000001,79.247821
,,2019,80.770909,79.216133
,,2018,80.74052800000001,79.18177100000001
,,2017,80.704132,79.140386
,,2016,80.691474,79.117761
,,2015,80.673817,79.100369
,,2014,80.638481,79.064611
,,2013,80.609109,79.02106900000001
,,2012,80.584445,78.985246
,,2011,80.572202,78.955843
,,2010,80.548755,78.934831
,,2009,80.526044,78.912203
,,2008,80.511633,78.883047
,,2007,80.47957600000001,78.83681800000001
,,2006,80.460434,78.789381
,,2005,80.43970800000001,78.75331700000001
,,2004,80.40010500000001,78.724782
,,2003,80.382661,78.71959000000001
,,2002,80.33601300000001,78.700721
,,2001,80.30163900000001,78.652269
,,2000,80.291375,78.61462800000001
,,1999,80.27589,78.596663
,,1998,80.25216400000001,78.565571
,,1997,80.209799,78.52875300000001
,,1996,80.17869400000001,78.500927
,,1995,80.16195900000001,78.44516300000001
,,1994,80.140136,78.422414
,,1993,80.09977400000001,78.393653
,,1992,80.06537200000001,78.373056
,,1991,80.040037,78.348464
,,1990,80.015591,78.320808
,,1989,79.98967400000001,78.28749
,,1988,79.96205300000001,78.23844000000001
,,1987,79.93343200000001,78.209394
,,1986,79.91036600000001,78.162717
,,1985,79.883007,78.11794900000001
,,1984,79.858928,78.101394
,,1983,79.84213700000001,78.070593
,,1982,79.840473,78.044431
,,1981,79.817547,78.009794
,,1980,79.77809500000001,77.977125
,,1979,79.73980200000001,77.94265800000001
,,1978,79.695446,77.912372
,,1977,79.649044,77.87376900000001
,,1976,79.62083600000001,77.84132000000001
,,1975,79.593383,77.797154
,,1974,79.566274,77.75452100000001
,,1973,79.533513,77.71409200000001
,,1972,79.52738400000001,77.678752
,,1971,79.51091600000001,77.63591500000001
,,1970,79.48165300000001,77.61031200000001
,,1969,79.41793,77.588406
,,1968,79.401927,77.554592
,,1967,79.37677400000001,77.497076
,,1966,79.35137800000001,77.461365
,,1965,79.316097,77.452579
,,1964,79.26757,77.405654
,,1963,79.223404,77.361419
,,1962,79.192773,77.36123
,,1961,79.154932,77.310511
,,1960,79.116319,77.281115
,,1959,79.09611000000001,77.22747000000001
,,1958,79.05507800000001,77.177137
,,1957,79.047801,77.11966100000001
,,1956,79.01323000000001,77.090283
,,1955,78.94373900000001,77.04657300000001
,,1954,78.907145,76.98349900000001
,,1953,78.885469,76.98913300000001
,,1952,78.865347,76.95922200000001
,,1951,78.85683900000001,76.912743
,,1950,78.83494,76.861749
,,1949,78.774108,76.82289200000001
,,1948,78.72005,76.773588
,,1947,78.697275,76.742193
,,1946,78.663604,76.712394
,,1945,78.635165,76.659468
,,1944,78.61725700000001,76.63227
,,1943,78.57352300000001,76.601675
,,1942,78.48907100000001,76.567746
,,1941,78.482989,76.513768
,,1940,78.461094,76.45857500000001
,,1939,78.40231700000001,76.404673
,,1938,78.384828,76.36328900000001
,,1937,78.382209,76.324
,,1936,78.327107,76.297245
,,1935,78.28217500000001,76.24794100000001
,,1934,78.262268,76.218225
,,1933,78.21596600000001,76.171683
,,1932,78.16709200000001,76.152609
,,1931,78.142891,76.103142
,,1930,78.105969,76.056793
,,1929,78.062956,76.024106
,,1928,78.03737600000001,75.962699
,,1927,78.006358,75.896296
,,1926,77.94442500000001,75.88472300000001
,,1925,77.90707400000001,75.84271100000001
,,1924,77.883604,75.78516900000001
,,1923,77.830077,75.747299
,,1922,77.803388,75.706292
,,1921,77.810517,75.660662
,,1920,77.76638,75.604494
,,1919,77.73900300000001,75.559782
,,1918,77.66846100000001,75.50511200000001
,,1917,77.580516,75.46045500000001
,,1916,77.569176,75.428409
,,1915,77.595303,75.413319
,,1914,77.565713,75.375623
,,1913,77.52615200000001,75.31796700000001
,,1912,77.42818700000001,75.29014000000001
,,1911,77.36368,75.226093
,,1910,77.338893,75.165575
,,1909,77.338734,75.14447
,,1908,77.33629300000001,75.105109
,,1907,77.28951500000001,75.082262
,,1906,77.29014500000001,75.008752
,,1905,77.194834,74.928531
,,1904,77.059959,74.89517500000001
,,1903,77.035279,74.84224900000001
,,1902,77.02343400000001,74.797645
,,1901,77.001193,74.79334800000001
,,1900,76.97255600000001,74.742947
,,1899,76.919256,74.575884
,,1898,76.902321,74.583988
,,1897,76.803692,74.57768200000001
,,1896,76.77183500000001,74.501744
,,1895,76.78323400000001,74.474548
,,1894,76.733275,74.467309
,,1893,76.688561,74.41804400000001
,,1892,76.683884,74.369664
,,1891,76.627199,74.265896
,,1890,76.57335300000001,74.217786
,,1889,76.545439,74.18245900000001
,,1888,76.49233600000001,74.162727
,,1887,76.43408000000001,74.079536
,,1886,76.457409,74.068098
,,1885,76.39814100000001,74.02180100000001
,,1884,76.328567,73.99701800000001
,,1883,76.262549,73.920983
,,1882,76.232262,73.856881
,,1881,76.200496,73.797542
,,1880,76.171969,73.77280300000001
,,1879,76.154137,73.72617100000001
,,1878,76.09237200000001,73.70827100000001
,,1877,76.08960300000001,73.66172200000001
,,1876,76.093461,73.672607
,,1875,75.95313800000001,73.55148700000001
,,1874,75.87805900000001,73.499442
,,1873,75.893763,73.430897
,,1872,75.78972,73.367531
,,1871,75.76303700000001,73.320053
,,1870,75.730056,73.278119
,,1869,75.72536000000001,73.169033
,,1868,75.604487,73.151138
,,1867,75.522281,73.04347700000001
,,1866,75.49649600000001,73.11954200000001
,,1865,75.471331,73.03194900000001
,,1864,75.47938,72.97128500000001
,,1863,75.46096,72.95217600000001
,,1862,75.41037700000001,72.925251
,,1861,75.37775900000001,72.834967
,,1860,75.32584100000001,72.83880500000001
,,1859,75.307089,72.72054800000001
,,1858,75.197215,72.678432
,,1857,75.14278300000001,72.628944
,,1856,75.13778400000001,72.595949
,,1855,75.094817,72.52024200000001
,,1854,75.06897000000001,72.48478800000001
,,1853,75.048226,72.425016
,,1852,74.96849,72.371268
,,1851,74.91432,72.342033
,,1850,74.84728100000001,72.33695900000001
,,1849,74.86634500000001,72.247318
,,1848,74.840759,72.296881
,,1847,74.76467600000001,72.10779600000001
,,1846,74.676652,71.98345
,,1845,74.616122,71.9812
,,1844,74.583471,72.027108
,,1843,74.547999,71.979712
,,1842,74.72836000000001,71.951114
,,1841,74.545152,71.86265300000001
,,1840,74.46662500000001,71.863146
,,1839,74.38963600000001,71.76980800000001
,,1838,74.36964,71.710251
,,1837,74.34558,71.665632
,,1836,74.34267,71.618447
,,1835,74.279641,71.546536
,,1834,74.203835,71.538767
,,1833,74.13822400000001,71.435345
,,1832,74.108046,71.43956700000001
,,1831,74.14604800000001,71.384833
,,1830,74.09976900000001,71.339611
,,1829,74.00913700000001,71.29931
,,1828,73.92546200000001,71.24889200000001
,,1827,73.931752,71.197438
,,1826,73.889087,71.136323
,,1825,73.797089,71.04905600000001
,,1824,73.79950000000001,71.051879
,,1823,73.73552000000001,71.01804
,,1822,73.69801100000001,70.98874400000001
,,1821,73.73527100000001,70.92517600000001
,,1820,73.65879600000001,70.83026000000001
,,1819,73.53255,70.74437900000001
,,1818,73.52547,70.761104
,,1817,73.465596,70.693078
,,1816,73.514323,70.68863400000001
,,1815,73.45193,70.62808000000001
,,1814,73.438529,70.58060400000001
,,1813,73.382271,70.523295
,,1812,73.33185900000001,70.488557
,,1811,73.29317300000001,70.44928200000001
,,1810,73.262286,70.42663800000001
,,1809,73.240544,70.368547
,,1808,73.19931700000001,70.349061
,,1807,73.15325,70.296501
,,1806,73.09942600000001,70.242654
,,1805,73.073206,70.204931
,,1804,73.03281700000001,70.14839900000001
,,1803,72.987801,70.09123100000001
,,1802,72.965069,70.030608
,,1801,72.929462,69.974269
,,1800,72.886617,69.92614800000001
,,1799,72.815675,69.92858700000001
,,1798,72.74872400000001,69.892184
,,1797,72.740982,69.845661
,,1796,72.71104600000001,69.795471
,,1795,72.71916800000001,69.752194
,,1794,72.66306800000001,69.694259
,,1793,72.63829700000001,69.643562
,,1792,72.591983,69.60837000000001
,,1791,72.55696400000001,69.568275
,,1790,72.517669,69.524787
,,1789,72.491147,69.490903
,,1788,72.44529700000001,69.475336
,,1787,72.42341900000001,69.41622600000001
,,1786,72.401599,69.369859
,,1785,72.358626,69.35356300000001
,,1784,72.30614700000001,69.339405
,,1783,72.28121200000001,69.273475
,,1782,72.258567,69.214774
,,1781,72.228451,69.20327300000001
,,1780,72.20400400000001,69.167016
,,1779,72.153013,69.104467
,,1778,72.11368300000001,69.07576300000001
,,1777,72.081007,69.020774
,,1776,72.053363,68.98921800000001
,,1775,71.99663000000001,68.936279
,,1774,71.96321800000001,68.92383000000001
,,1773,71.953641,68.88456400000001
,,1772,71.92148200000001,68.852462
,,1771,71.88436200000001,68.811836
,,1770,71.851223,68.77918000000001
,,1769,71.82340500000001,68.74095100000001
,,1768,71.78449400000001,68.69248900000001
,,1767,71.75283400000001,68.68988200000001
,,1766,71.728272,68.651037
,,1765,71.71809300000001,68.61154300000001
,,1764,71.689187,68.572343
,,1763,71.67025000000001,68.544424
,,1762,71.641086,68.49621
,,1761,71.598365,68.446652
,,1760,71.577105,68.407376
,,1759,71.53568,68.36876600000001
,,1758,71.501349,68.320615
,,1757,71.47205100000001,68.266456
,,1756,71.43768800000001,68.238916
,,1755,71.405991,68.22945200000001
,,1754,71.35576800000001,68.197005
,,1753,71.341025,68.156343
,,1752,71.31574900000001,68.13277500000001
,,1751,71.29542500000001,68.11017600000001
,,1750,71.27246000000001,68.076695
,,1749,71.245434,68.024451
,,1748,71.230382,68.01348800000001
,,1747,71.208329,67.987662
,,1746,71.188277,67.967179
,,1745,71.16826800000001,67.919234
,,1744,71.133335,67.891576
,,1743,71.089506,67.861103
,,1742,71.06416,67.79924600000001
,,1741,71.02423300000001,67.754197
,,1740,70.996666,67.72936200000001
,,1739,70.95447200000001,67.70047500000001
,,1738,70.927014,67.670175
,,1737,70.90193500000001,67.644508
,,1736,70.874972,67.62198500000001
,,1735,70.866258,67.59642500000001
,,1734,70.84669000000001,67.574662
,,1733,70.82689400000001,67.56234
,,1732,70.80633300000001,67.533572
,,1731,70.778948,67.487097
,,1730,70.777026,67.46052
,,1729,70.74838000000001,67.423237
,,1728,70.708342,67.380013
,,1727,70.68860600000001,67.346703
,,1726,70.654741,67.30337700000001
,,1725,70.623185,67.27325900000001
,,1724,70.60124300000001,67.249572
,,1723,70.576537,67.226608
,,1722,70.52857300000001,67.193028
,,1721,70.481116,67.174181
,,1720,70.458146,67.16001200000001
,,1719,70.443011,67.138405
,,1718,70.42136400000001,67.106728
,,1717,70.403885,67.06598600000001
,,1716,70.37574000000001,67.02970900000001
,,1715,70.355953,67.00010400000001
,,1714,70.35634800000001,66.975634
,,1713,70.34242300000001,66.951817
,,1712,70.316191,66.91789700000001
,,1711,70.27597800000001,66.856969
,,1710,70.24880800000001,66.822021
,,1709,70.20532,66.78872000000001
,,1708,70.16679500000001,66.766678
,,1707,70.131939,66.74855600000001
,,1706,70.105295,66.722755
,,1705,70.09631800000001,66.694007
,,1704,70.08692500000001,66.667438
,,1703,70.064226,66.649209
,,1702,70.033258,66.63034300000001
,,1701,70.01058400000001,66.593985
,,1700,70.00979600000001,66.55749
,,1699,69.999063,66.517032
,,1698,69.964044,66.47778000000001
,,1697,69.935502,66.43400000000001
,,1696,69.90793400000001,66.407588
,,1695,69.86684500000001,66.389505
,,1694,69.824651,66.367585
,,1693,69.804399,66.34997200000001
,,1692,69.788382,66.32206000000001
,,1691,69.77035500000001,66.292128
,,1690,69.752925,66.260261
,,1689,69.735518,66.230581
,,1688,69.71176200000001,66.183733
,,1687,69.68377500000001,66.133598
,,1686,69.65248000000001,66.11383400000001
,,1685,69.618115,66.082239
,,1684,69.579296,66.053762
,,1683,69.53304800000001,66.023938
,,1682,69.504874,66.00337800000001
,,1681,69.478797,65.97634500000001
,,1680,69.440422,65.939526
,,1679,69.42582900000001,65.907382
,,1678,69.426725,65.86227000000001
,,1677,69.419307,65.81364
,,1676,69.380218,65.77042800000001
,,1675,69.337209,65.73576
,,1674,69.28443700000001,65.729194
,,1673,69.24991,65.72086900000001
,,1672,69.218063,65.68084900000001
,,1671,69.188716,65.64187600000001
,,1670,69.16772800000001,65.60838700000001
,,1669,69.139238,65.546024
,,1668,69.10781700000001,65.49096200000001
,,1667,69.08255700000001,65.46659600000001
,,1666,69.049431,65.43232400000001
,,1665,69.01308300000001,65.396659
,,1664,68.98768000000001,65.36098600000001
,,1663,68.961337,65.31918
,,1662,68.94762300000001,65.27435600000001
,,1661,68.921632,65.219639
,,1660,68.86654200000001,65.168205
,,1659,68.840551,65.137557
,,1658,68.808836,65.10468800000001
,,1657,68.772152,65.067592
,,1656,68.73291900000001,65.04811500000001
,,1655,68.686519,65.032543
,,1654,68.65766400000001,64.99759200000001
,,1653,68.618843,64.95031300000001
,,1652,68.597758,64.91699200000001
,,1651,68.578263,64.870703
,,1650,68.54569400000001,64.806753
,,1649,68.50903100000001,64.75102700000001
,,1648,68.46361200000001,64.70945400000001
,,1647,68.40571100000001,64.68214
,,1646,68.351607,64.67177500000001
,,1645,68.31967,64.63828600000001
,,1644,68.295455,64.5818
,,1643,68.28144300000001,64.52424900000001
,,1642,68.256693,64.45805700000001
,,1641,68.213915,64.404482
,,1640,68.15693800000001,64.36824200000001
,,1639,68.105473,64.344413
,,1638,68.07427,64.31223
,,1637,68.03989200000001,64.261263
,,1636,67.993003,64.19889400000001
,,1635,67.955223,64.127937
,,1634,67.918588,64.09190100000001
,,1633,67.869147,64.072067
,,1632,67.817774,64.035329
,,1631,67.773453,63.967625
,,1630,67.734053,63.905781
,,1629,67.708657,63.855854
,,1628,67.675532,63.806809
,,1627,67.632036,63.754901
,,1626,67.58749800000001,63.697432
,,1625,67.52287700000001,63.662465
,,1624,67.469599,63.628561999999995
,,1623,67.429815,63.578071
,,1622,67.385885,63.520326999999995
,,1621,67.346637,63.471765999999995
,,1620,67.294781,63.428232
,,1619,67.247124,63.366074999999995
,,1618,67.230036,63.312427
,,1617,67.18535,63.254976
,,1616,67.12812000000001,63.196546999999995
,,1615,67.077408,63.136010999999996
,,1614,67.030313,63.095068
,,1613,67.001784,63.045598
,,1612,66.941686,62.977134
,,1611,66.89038400000001,62.92896
,,1610,66.83742000000001,62.88142
,,1609,66.78555200000001,62.831682
,,1608,66.738568,62.773596
,,1607,66.688373,62.722958999999996
,,1606,66.632001,62.680707999999996
,,1605,66.566612,62.640865
,,1604,66.525377,62.583027
,,1603,66.483115,62.498034999999994
,,1602,66.432517,62.438804
,,1601,66.379321,62.390508999999994
,,1600,66.328512,62.338958
,,1599,66.289529,62.267303999999996
,,1598,66.232375,62.215804999999996
,,1597,66.173437,62.155823
,,1596,66.127815,62.089258
,,1595,66.072643,62.017672
,,1594,66.021251,61.95513
,,1593,65.978071,61.890574
,,1592,65.92363,61.82434
,,1591,65.874763,61.744302999999995
,,1590,65.82153600000001,61.687135999999995
,,1589,65.757823,61.631836
,,1588,65.70531100000001,61.570502999999995
,,1587,65.64126200000001,61.506533999999995
,,1586,65.568976,61.46076
,,1585,65.518651,61.421347
,,1584,65.45162300000001,61.37236
,,1583,65.398522,61.306325
,,1582,65.34080800000001,61.22985
,,1581,65.30374900000001,61.144045999999996
,,1580,65.25786400000001,61.073954
,,1579,65.200912,61.00372
,,1578,65.133949,60.951347999999996
,,1577,65.069061,60.918628
,,1576,65.008638,60.866054
,,1575,64.959086,60.807835
,,1574,64.93208,60.732071
,,1573,64.886752,60.655533999999996
,,1572,64.82177800000001,60.594634
,,1571,64.750259,60.541413
,,1570,64.69549,60.504453
,,1569,64.617132,60.438050999999994
,,1568,64.61162900000001,60.356362
,,1567,64.57582400000001,60.269828
,,1566,64.49973200000001,60.203855999999995
,,1565,64.431391,60.164434
,,1564,64.346687,60.146709
,,1563,64.287974,60.065135
,,1562,64.26255300000001,59.973675
,,1561,64.213747,59.903935999999995
,,1560,64.160469,59.830703
,,1559,64.091372,59.762647
,,1558,64.01732200000001,59.73316
,,1557,63.958501,59.666931999999996
,,1556,63.921321,59.599495999999995
,,1555,63.866141,59.518243
,,1554,63.815615,59.446838
,,1553,63.767008,59.388157
,,1552,63.670808,59.322015
,,1551,63.615111,59.284985999999996
,,1550,63.566205,59.239286
,,1549,63.498843,59.173099
,,1548,63.457544,59.091274
,,1547,63.423826999999996,59.007552999999994
,,1546,63.369651,58.925259999999994
,,1545,63.307292,58.853901
,,1544,63.249305,58.800219
,,1543,63.17803,58.755599
,,1542,63.114298,58.694621999999995
,,1541,63.060502,58.664424
,,1540,63.012256,58.60773
,,1539,62.960387,58.541385999999996
,,1538,62.932759999999995,58.468965
,,1537,62.864005,58.409175
,,1536,62.815891,58.355998
,,1535,62.746134999999995,58.263943999999995
,,1534,62.68669,58.203547
,,1533,62.618683,58.150047
,,1532,62.558246999999994,58.071346
,,1531,62.500291,58.008578
,,1530,62.457724,57.966150999999996
,,1529,62.416073,57.949158
,,1528,62.382346,57.873773
,,1527,62.338798,57.805788
,,1526,62.290996,57.73809
,,1525,62.232279999999996,57.671108
,,1524,62.169744,57.594527
,,1523,62.107243,57.551083999999996
,,1522,62.036739999999995,57.497634
,,1521,61.996351,57.478643999999996
,,1520,61.977275,57.406037999999995
,,1519,61.920214,57.325447999999994
,,1518,61.865032,57.268321
,,1517,61.814775999999995,57.212343
,,1516,61.753094,57.159667
,,1515,61.679666,57.116423
,,1514,61.610302,57.073330999999996
,,1513,61.573508,57.014092
,,1512,61.543338,56.931021
,,1511,61.486145,56.857409
,,1510,61.42996,56.800805999999994
,,1509,61.366718999999996,56.753218
,,1508,61.325117,56.708687999999995
,,1507,61.273770999999996,56.687093
,,1506,61.232032,56.604681
,,1505,61.223800999999995,56.533215999999996
,,1504,61.178719,56.492809
,,1503,61.143719,56.434098
,,1502,61.068374,56.402803
,,1501,61.019569999999995,56.35671
,,1500,60.971450999999995,56.312771999999995
,,1499,60.932390999999996,56.271963
,,1498,60.908366,56.217247
,,1497,60.854499,56.163371
,,1496,60.814799,56.075671
,,1495,60.756709,56.027104
,,1494,60.674710999999995,55.968109
,,1493,60.625903,55.9349
,,1492,60.597918,55.871831
,,1491,60.546383999999996,55.827484999999996
,,1490,60.505089999999996,55.779877
,,1489,60.461815,55.737412
,,1488,60.425618,55.686405
,,1487,60.372734,55.635315
,,1486,60.331105,55.584576999999996
,,1485,60.302820999999994,55.555641
,,1484,60.252417,55.550939
,,1483,60.242867,55.486433999999996
,,1482,60.201612999999995,55.418881
,,1481,60.183541999999996,55.377719
,,1480,60.126667,55.312759
,,1479,60.090283,55.257922
,,1478,60.014182,55.218646
,,1477,59.949647,55.170459
,,1476,59.915102999999995,55.115677
,,1475,59.881477,55.075043
,,1474,59.835623999999996,55.008213
,,1473,59.833199,54.973104
,,1472,59.783581,54.922639
,,1471,59.76941,54.891884
,,1470,59.669716,54.838150999999996
,,1469,59.613206999999996,54.794872999999995
,,1468,59.571404,54.728068
,,1467,59.550945999999996,54.678011
,,1466,59.529962,54.606718
,,1465,59.474008999999995,54.564574
,,1464,59.429351,54.519117
,,1463,59.377879,54.516582
,,1462,59.351836999999996,54.499924
,,1461,59.337385,54.419475
,,1460,59.307527,54.339898999999996
,,1459,59.236187,54.299523
,,1458,59.179469999999995,54.260476
,,1457,59.154627,54.265162
,,1456,59.145964,54.219311999999995
,,1455,59.082046,54.15661
,,1454,59.048815999999995,54.121432999999996
,,1453,58.966159,54.037484
,,1452,58.934497,53.988355999999996
,,1451,58.897774999999996,53.951792999999995
,,1450,58.839856999999995,53.897286
,,1449,58.824290999999995,53.842442
,,1448,58.790213,53.842378
,,1447,58.770132,53.847628
,,1446,58.736861999999995,53.768710999999996
,,1445,58.678591,53.678863
,,1444,58.666139,53.616718999999996
,,1443,58.607458,53.573535
,,1442,58.533643,53.536919
,,1441,58.489833999999995,53.520362
,,1440,58.457235,53.485259
,,1439,58.448419,53.416702
,,1438,58.426724,53.386108
,,1437,58.352233999999996,53.324255
,,1436,58.287971999999996,53.260428999999995
,,1435,58.268254999999996,53.197869999999995
,,1434,58.184714,53.148657
,,1433,58.154816,53.097570999999995
,,1432,58.095467,53.069658999999994
,,1431,58.0578,52.982842
,,1430,58.036432999999995,52.940768
,,1429,57.987665,52.940197
,,1428,57.937537999999996,52.890965
,,1427,57.916095,52.82653
,,1426,57.870405,52.775732999999995
,,1425,57.846337999999996,52.721410999999996
,,1424,57.806498999999995,52.660596
,,1423,57.735634999999995,52.603021
,,1422,57.659879,52.560234
,,1421,57.61925,52.506757
,,1420,57.558617,52.46412
,,1419,57.540675,52.37663
,,1418,57.518848999999996,52.290907
,,1417,57.451640999999995,52.230802999999995
,,1416,57.393119,52.227063
,,1415,57.380241,52.239608999999994
,,1414,57.314789,52.178979999999996
,,1413,57.249685,52.090016999999996
,,1412,57.182347,51.97018
,,1411,57.137080999999995,51.940821
,,1410,57.092711,51.911075
,,1409,57.061696999999995,51.870238
,,1408,57.05958,51.815176
,,1407,56.997113,51.757244
,,1406,56.924347999999995,51.711304999999996
,,1405,56.840001,51.642609
,,1404,56.781335,51.58238
,,1403,56.7451,51.525673
,,1402,56.67247,51.447939
,,1401,56.666011,51.462302
,,1400,56.652665,51.342141999999996
,,1399,56.544928,51.227559
,,1398,56.403203999999995,51.16795
,,1397,56.306900999999996,51.127576
,,1396,56.432203,51.150262
,,1395,56.381488,51.021868999999995
,,1394,56.274107,50.921304
,,1393,56.21189,50.863231999999996
,,1392,56.129374999999996,50.786893
,,1391,56.05151,50.725418
,,1390,55.982623,50.70574
,,1389,55.978173,50.635008
,,1388,55.921676,50.562965999999996
,,1387,55.834302,50.481998
,,1386,55.760351,50.377399
,,1385,55.713995999999995,50.334495999999994
,,1384,55.67453,50.253761999999995
,,1383,55.556936,50.190632
,,1382,55.479392999999995,50.088856
,,1381,55.432587999999996,49.990601
,,1380,55.408843,49.899879
,,1379,55.309281,49.917463
,,1378,55.243795999999996,49.865998999999995
,,1377,55.210466,49.794205999999996
,,1376,55.128243999999995,49.723434999999995
,,1375,55.082235999999995,49.659393
,,1374,55.018029999999996,49.56784
,,1373,54.94446,49.497909
,,1372,54.865565,49.428565
,,1371,54.807294,49.296682
,,1370,54.735754,49.200603
,,1369,54.659287,49.134091
,,1368,54.593892,49.068442999999995
,,1367,54.50176,48.989478
,,1366,54.432241999999995,48.937491
,,1365,54.335346,48.899476
,,1364,54.248785,48.794975
,,1363,54.211891,48.734021
,,1362,54.134146,48.685317999999995
,,1361,54.072582,48.498014999999995
,,1360,53.976768,48.387722
,,1359,53.925425999999995,48.348307999999996
,,1358,53.890153999999995,48.346539
,,1357,53.760501999999995,48.242072
,,1356,53.69754,48.140232
,,1355,53.613848999999995,48.02713
,,1354,53.527225,47.863592999999995
,,1353,53.424395,47.794356
,,1352,53.296195,47.725138
,,1351,53.242183,47.654267999999995
,,1350,53.159023,47.573465999999996
,,1349,53.108318,47.503060999999995
,,1348,53.031157,47.422053
,,1347,52.944316,47.339316
,,1346,52.870145,47.253507
,,1345,52.795293,47.13944
,,1344,52.707544999999996,47.046482999999995
,,1343,52.644439,46.958599
,,1342,52.593863,46.858042
,,1341,52.516312,46.757439999999995
,,1340,52.394079999999995,46.672534
,,1339,52.246176999999996,46.610020999999996
,,1338,52.152792999999996,46.541996
,,1337,52.080673999999995,46.462573
,,1336,52.033994,46.369119
,,1335,51.992514,46.289486
,,1334,51.938702,46.190064
,,1333,51.851002,46.089403999999995
,,1332,51.764339,45.997461
,,1331,51.656152,45.902722
,,1330,51.566775,45.814487
,,1329,51.478305,45.730995
,,1328,51.401709,45.651993999999995
,,1327,51.336442,45.569972
,,1326,51.241996,45.474883
,,1325,51.155939,45.378139
,,1324,51.071442,45.289808
,,1323,50.987688999999996,45.205324
,,1322,50.900124,45.107972
,,1321,50.808825999999996,45.003628
,,1320,50.729186999999996,44.924648999999995
,,1319,50.649923,44.849485
,,1318,50.550422,44.785833
,,1317,50.466912,44.709945
,,1316,50.407050999999996,44.616184999999994
,,1315,50.314796,44.517336
,,1314,50.224515,44.409745
,,1313,50.142215,44.30095
,,1312,50.060401,44.206741
,,1311,49.969469,44.107153
,,1310,49.896133,44.010673
,,1309,49.854794999999996,43.934568999999996
,,1308,49.781906,43.879158
,,1307,49.654354,43.800337999999996
,,1306,49.540918999999995,43.695975999999995
,,1305,49.483868,43.592499
,,1304,49.421186,43.492123
,,1303,49.354416,43.39859
,,1302,49.289618,43.311817
,,1301,49.196079999999995,43.235586999999995
,,1300,49.103398,43.172678999999995
,,1299,49.018001999999996,43.113915999999996
,,1298,48.93689,43.037481
,,1297,48.866274999999995,42.945105
,,1296,48.792767,42.851346
,,1295,48.709438999999996,42.765183
,,1294,48.631215999999995,42.673691999999996
,,1293,48.55914,42.575007
,,1292,48.479262,42.494623
,,1291,48.400636,42.424116999999995
,,1290,48.325669,42.356238999999995
,,1289,48.255354999999994,42.276092999999996
,,1288,48.193521,42.199314
,,1287,48.129256999999996,42.141526
,,1286,48.057210999999995,42.069153
,,1285,47.984806999999996,41.985462999999996
,,1284,47.909569999999995,41.907551999999995
,,1283,47.831753,41.819863
,,1282,47.753155,41.726991999999996
,,1281,47.675124,41.637969
,,1280,47.591446,41.572891
,,1279,47.518077,41.495650999999995
,,1278,47.44495,41.420058
,,1277,47.365012,41.345059
,,1276,47.298949,41.263855
,,1275,47.233301999999995,41.177989
,,1274,47.162524999999995,41.092284
,,1273,47.09194,41.012606999999996
,,1272,47.013287,40.934722
,,1271,46.938914,40.861697
,,1270,46.869636,40.785543
,,1269,46.791107,40.696380999999995
,,1268,46.730208,40.612691999999996
,,1267,46.662391,40.546143
,,1266,46.570322,40.475077
,,1265,46.502438,40.392174
,,1264,46.454274,40.313257
,,1263,46.384485999999995,40.256769999999996
,,1262,46.315633999999996,40.191354
,,1261,46.254965999999996,40.102866
,,1260,46.181452,40.018532
,,1259,46.123875999999996,39.955535999999995
,,1258,46.072365,39.895061999999996
,,1257,46.007574,39.821884999999995
,,1256,45.92996,39.76113
,,1255,45.842225,39.710791
,,1254,45.7549,39.650760999999996
,,1253,45.704156999999995,39.577251
,,1252,45.663790999999996,39.472178
,,1251,45.603656,39.373706999999996
,,1250,45.538084999999995,39.299068
,,1249,45.471022,39.229445
,,1248,45.40624,39.184383
,,1247,45.343793999999995,39.133404
,,1246,45.270044999999996,39.072719
,,1245,45.201909,39.010024
,,1244,45.14208,38.945344
,,1243,45.050005,38.871595
,,1242,44.952321999999995,38.788852
,,1241,44.902139,38.722804
,,1240,44.861906,38.652452
,,1239,44.808803,38.57676
,,1238,44.746902999999996,38.504849
,,1237,44.680603,38.424205
,,1236,44.625917,38.348382
,,1235,44.568368,38.273886
,,1234,44.509032,38.204189
,,1233,44.436765,38.146622
,,1232,44.352674,38.076274
,,1231,44.285571999999995,38.002021
,,1230,44.225429,37.934376
,,1229,44.157835999999996,37.872487
,,1228,44.075381,37.799383
,,1227,44.012941999999995,37.724263
,,1226,43.968292999999996,37.659482999999994
,,1225,43.921009999999995,37.594145999999995
,,1224,43.851265,37.519954
,,1223,43.783862,37.465776
,,1222,43.712252,37.401992
,,1221,43.648004,37.336895999999996
,,1220,43.594836,37.244796
,,1219,43.543963,37.158273
,,1218,43.491156,37.120599999999996
,,1217,43.424994,37.079392999999996
,,1216,43.357018,37.017579
,,1215,43.293319,36.958152
,,1214,43.238861,36.886717999999995
,,1213,43.178633,36.805839999999996
,,1212,43.114602999999995,36.740010999999996
,,1211,43.046228,36.67883
,,1210,42.976188,36.618795999999996
,,1209,42.910895,36.543803
,,1208,42.845088,36.46498
,,1207,42.779495999999995,36.393857999999994
,,1206,42.718334999999996,36.311825999999996
,,1205,42.656602,36.250837
,,1204,42.584545999999996,36.191447
,,1203,42.512550999999995,36.125608
,,1202,42.452444,36.063725
,,1201,42.388653999999995,35.977767
,,1200,42.329996,35.898610999999995
,,1199,42.263453999999996,35.856984999999995
,,1198,42.199647,35.780685
,,1197,42.144917,35.673362999999995
,,1196,42.077594999999995,35.594860999999995
,,1195,42.002632999999996,35.541916
,,1194,41.905287,35.471899
,,1193,41.841553,35.425115999999996
,,1192,41.785883,35.372482
,,1191,41.717569,35.298238
,,1190,41.654108,35.222699999999996
,,1189,41.598127,35.131063
,,1188,41.520418,35.054379999999995
,,1187,41.455309,34.998706999999996
,,1186,41.389568,34.923759999999994
,,1185,41.315825,34.844138
,,1184,41.252029,34.780511
,,1183,41.188825,34.712547
,,1182,41.117565,34.637246
,,1181,41.049960999999996,34.568669
,,1180,40.978441,34.501324
,,1179,40.919579999999996,34.435541
,,1178,40.849349,34.350269
,,1177,40.745799999999996,34.284563999999996
,,1176,40.685541,34.210519
,,1175,40.636603,34.15774
,,1174,40.576262,34.097727
,,1173,40.503623,34.020731999999995
,,1172,40.433229,33.949028999999996
,,1171,40.36741,33.871931
,,1170,40.304435999999995,33.797823
,,1169,40.241485999999995,33.714793
,,1168,40.170722,33.601667
,,1167,40.102847,33.525914
,,1166,40.020348999999996,33.453210999999996
,,1165,39.944466,33.386949
,,1164,39.883376,33.327852
,,1163,39.808132,33.250437
,,1162,39.735116999999995,33.178281
,,1161,39.650662,33.100671
,,1160,39.582474999999995,33.014599999999994
,,1159,39.507934,32.937312
,,1158,39.438921,32.888965999999996
,,1157,39.348987,32.821185
,,1156,39.28013,32.752158
,,1155,39.209171999999995,32.665549
,,1154,39.126932,32.584513
,,1153,39.049476999999996,32.472457999999996
,,1152,38.965458999999996,32.376143
,,1151,38.899187999999995,32.30507
,,1150,38.824653999999995,32.225784999999995
,,1149,38.743866,32.151213
,,1148,38.678109,32.103001
,,1147,38.59306,32.047428
,,1146,38.515347,31.965418000000003
,,1145,38.421935999999995,31.851742
,,1144,38.353139,31.746924
,,1143,38.273903,31.674833000000003
,,1142,38.196273999999995,31.606669
,,1141,38.115767,31.529334000000002
,,1140,38.05021,31.447364
,,1139,37.977277,31.379260000000002
,,1138,37.880992,31.306792
,,1137,37.812846,31.226412
,,1136,37.734835,31.146453
,,1135,37.678298,31.059129000000002
,,1134,37.583807,30.950857000000003
,,1133,37.495202,30.876853
,,1132,37.417750999999996,30.805929000000003
,,1131,37.329271999999996,30.777811
,,1130,37.268212999999996,30.704396000000003
,,1129,37.207678,30.591205000000002
,,1128,37.100943,30.479511000000002
,,1127,37.028026999999994,30.424428000000002
,,1126,36.949543999999996,30.360537
,,1125,36.863904,30.271828000000003
,,1124,36.78355,30.161658000000003
,,1123,36.710268,30.063322000000003
,,1122,36.6207,29.979796
,,1121,36.545359,29.914404
,,1120,36.471250999999995,29.849927
,,1119,36.383596,29.762638000000003
,,1118,36.290923,29.675424000000003
,,1117,36.197967,29.587458
,,1116,36.119904999999996,29.493787
,,1115,36.024566,29.410225
,,1114,35.940591,29.322740000000003
,,1113,35.860347999999995,29.240254
,,1112,35.774722999999994,29.151507000000002
,,1111,35.682902,29.063390000000002
,,1110,35.608988,28.973251
,,1109,35.532955,28.897164
,,1108,35.41064,28.753564
,,1107,35.324313,28.657294
,,1106,35.242883,28.592251
,,1105,35.15179,28.502026
,,1104,35.084503,28.424687000000002
,,1103,34.988262,28.375702
,,1102,34.90359,28.301060000000003
,,1101,34.816126999999994,28.213988
,,1100,34.73808,28.125369000000003
,,1099,34.664198999999996,28.001888
,,1098,34.567971,27.904020000000003
,,1097,34.482735,27.81624
,,1096,34.398773,27.731169
,,1095,34.292393999999994,27.689317000000003
,,1094,34.220349,27.609866
,,1093,34.137526,27.522964
,,1092,34.047197,27.43824
,,1091,33.984987,27.350540000000002
,,1090,33.862125999999996,27.230939000000003
,,1089,33.786359,27.13033
,,1088,33.708532999999996,27.083079
,,1087,33.600792999999996,27.008272
,,1086,33.519932999999995,26.920415000000002
,,1085,33.433389999999996,26.835421
,,1084,33.344314,26.693974
,,1083,33.282322,26.608821000000002
,,1082,33.170258999999994,26.52364
,,1081,33.074531,26.451880000000003
,,1080,32.989218,26.379272
,,1079,32.864812,26.278161
,,1078,32.779782999999995,26.155203
,,1077,32.703874,26.063827
,,1076,32.605017,26.008897
,,1075,32.506533999999995,25.933869
,,1074,32.417518,25.838083
,,1073,32.334731999999995,25.748191000000002
,,1072,32.235323,25.656560000000002
,,1071,32.125299999999996,25.509669000000002
,,1070,32.04783,25.410916
,,1069,31.951776000000002,25.340498
,,1068,31.850080000000002,25.285065000000003
,,1067,31.783383,25.210169
,,1066,31.668256000000003,25.116019
,,1065,31.588245,25.016546
,,1064,31.48253,24.935176000000002
,,1063,31.393542,24.836298000000003
,,1062,31.298318000000002,24.697711
,,1061,31.222187,24.612177000000003
,,1060,31.126343000000002,24.522148
,,1059,31.055606,24.438871000000002
,,1058,30.930648,24.395502
,,1057,30.842681000000002,24.319529000000003
,,1056,30.741204,24.227457
,,1055,30.667138,24.086927000000003
,,1054,30.583231,24.003095000000002
,,1053,30.483966000000002,23.921976
,,1052,30.398407000000002,23.832929
,,1051,30.31063,23.742778
,,1050,30.212544,23.688004000000003
,,1049,30.126389000000003,23.634422
,,1048,30.030486,23.533801
,,1047,29.935163000000003,23.428898
,,1046,29.845931,23.304266000000002
,,1045,29.751118,23.203359000000003
,,1044,29.670846,23.124045000000002
,,1043,29.562765000000002,23.059308
,,1042,29.459162000000003,22.970613
,,1041,29.354205,22.846871
,,1040,29.269247,22.747405
,,1039,29.180958,22.666974
,,1038,29.092087000000003,22.574712
,,1037,28.979025,22.513506000000003
,,1036,28.886033,22.426786
,,1035,28.775548,22.336614
,,1034,28.680512,22.200582
,,1033,28.598964000000002,22.118253000000003
,,1032,28.50235,22.02722
,,1031,28.405428,21.980035
,,1030,28.311286000000003,21.890581
,,1029,28.223527,21.800753
,,1028,28.112645,21.654295
,,1027,28.014905000000002,21.577424
,,1026,27.933288,21.519732
,,1025,27.836675000000003,21.44055
,,1024,27.75072,21.355855000000002
,,1023,27.643803000000002,21.219794
,,1022,27.549265000000002,21.123932
,,1021,27.463092000000003,21.032743
,,1020,27.369117000000003,20.954813
,,1019,27.284904,20.914066000000002
,,1018,27.208467000000002,20.829522
,,1017,27.097229000000002,20.710779000000002
,,1016,26.990605000000002,20.614719
,,1015,26.884372000000003,20.526709
,,1014,26.810237,20.484915
,,1013,26.732180000000003,20.396614000000003
,,1012,26.668652,20.276912000000003
,,1011,26.550535,20.176861000000002
,,1010,26.431788,20.092305000000003
,,1009,26.356687,20.028239000000003
,,1008,26.257543000000002,19.974345000000003
,,1007,26.177268,19.887069
,,1006,26.074506000000003,19.762339
,,1005,25.977994000000002,19.667212000000003
,,1004,25.892059,19.621216
,,1003,25.797791,19.551586
,,1002,25.692502,19.453609
,,1001,25.593045,19.303768
,,1000,25.517123,19.21048
,,999,25.447776,19.176623000000003
,,998,25.360719000000003,19.101908
,,997,25.231755,19.006757
,,996,25.128376000000003,18.870912
,,995,25.027847,18.792624
,,994,24.948444000000002,18.745755000000003
,,993,24.886223,18.652289
,,992,24.772066000000002,18.536162
,,991,24.660435000000003,18.446364000000003
,,990,24.565337000000003,18.396357000000002
,,989,24.471,18.321689000000003
,,988,24.36973,18.205223
,,987,24.289472,18.126548000000003
,,986,24.199615,18.065519000000002
,,985,24.150750000000002,17.983953000000003
,,984,24.026563000000003,17.878226
,,983,23.929872000000003,17.805046
,,982,23.837992,17.708377000000002
,,981,23.748376,17.608786000000002
,,980,23.655782000000002,17.545097000000002
,,979,23.585197,17.506577
,,978,23.523602,17.426090000000002
,,977,23.394192,17.303696000000002
,,976,23.30289,17.212647
,,975,23.223529000000003,17.138823000000002
,,974,23.124613,17.070871
,,973,23.053048,17.004236000000002
,,972,23.001343000000002,16.949237
,,971,22.909763,16.875028
,,970,22.782331000000003,16.763957
,,969,22.692204,16.699819
,,968,22.600241,16.602863000000003
,,967,22.521364000000002,16.51236
,,966,22.454555000000003,16.454752000000003
,,965,22.384294,16.399622
,,964,22.265991000000003,16.314484
,,963,22.156559,16.198964
,,962,22.072926000000002,16.113590000000002
,,961,22.000353,16.052898000000003
,,960,21.941807,15.995823999999999
,,959,21.854258,15.911665
,,958,21.738347,15.827653
,,957,21.651219,15.717553
,,956,21.572323,15.647604
,,955,21.493382,15.609012
,,954,21.413106000000003,15.525314999999999
,,953,21.310886,15.406464
,,952,21.222422,15.34869
,,951,21.130976,15.288736
,,950,21.038359,15.203317
,,949,20.947548,15.121545
,,948,20.876446,15.058876999999999
,,947,20.817648000000002,15.004101
,,946,20.719143000000003,14.904383
,,945,20.626723000000002,14.81787
,,944,20.548474000000002,14.735937999999999
,,943,20.471028,14.67895
,,942,20.411679000000003,14.643058
,,941,20.337868,14.586966
,,940,20.206825000000002,14.504547
,,939,20.114667,14.397259
,,938,20.083473,14.326219
,,937,20.032594000000003,14.251497
,,936,19.912677000000002,14.193918
,,935,19.818196,14.15188
,,934,19.749827,14.080637
,,933,19.686314000000003,13.9851
,,932,19.619129,13.919915
,,931,19.522705000000002,13.887858
,,930,19.433709,13.812414
,,929,19.375666000000002,13.706221
,,928,19.310596,13.622515
,,927,19.220514,13.566525
,,926,19.138417,13.520334
,,925,19.057382,13.493822
,,924,18.995483,13.425442
,,923,18.939821000000002,13.315859999999999
,,922,18.838089,13.236305999999999
,,921,18.746011000000003,13.179281
,,920,18.681888,13.135883999999999
,,919,18.603462,13.061994
,,918,18.541756000000003,13.004821
,,917,18.478903000000003,12.952379
,,916,18.388533000000002,12.854403999999999
,,915,18.29795,12.786693
,,914,18.230695,12.745586
,,913,18.179636000000002,12.674706
,,912,18.089496,12.608565
,,911,18.012121,12.562534
,,910,17.958913000000003,12.512067
,,909,17.910571,12.424633
,,908,17.830920000000003,12.342495
,,907,17.725694,12.297063
,,906,17.646785,12.264787
,,905,17.58098,12.194597
,,904,17.515046,12.143653
,,903,17.453692,12.094396
,,902,17.389729000000003,12.013269
,,901,17.335058,11.940475
,,900,17.270384,11.88566
,,899,17.185501000000002,11.849079
,,898,17.118889000000003,11.820416999999999
,,897,17.063039,11.775157
,,896,16.995688,11.692465
,,895,16.95823,11.611698
,,894,16.922471,11.54998
,,893,16.833955000000003,11.521848
,,892,16.743429000000003,11.517547
,,891,16.677513,11.479077
,,890,16.629904,11.401974
,,889,16.584185,11.307209
,,888,16.517255000000002,11.231892
,,887,16.424209,11.184213
,,886,16.359052000000002,11.147409
,,885,16.331580000000002,11.112419
,,884,16.290663000000002,11.098352
,,883,16.234739,11.051694
,,882,16.16355,10.958177
,,881,16.082835000000003,10.894142
,,880,16.013840000000002,10.852329
,,879,15.96527,10.81455
,,878,15.926478,10.774636
,,877,15.87825,10.727781
,,876,15.816817,10.67666
,,875,15.73671,10.619477
,,874,15.665073999999999,10.565783999999999
,,873,15.619696,10.548618
,,872,15.58189,10.544661999999999
,,871,15.526969,10.494437999999999
,,870,15.471241,10.405545
,,869,15.413362,10.316619
,,868,15.360279,10.279086
,,867,15.337178,10.261433
,,866,15.293193,10.233254
,,865,15.215137,10.204682
,,864,15.150691,10.171835
,,863,15.106357,10.129738
,,862,15.058969,10.051200999999999
,,861,15.021106,9.988627
,,860,14.865026,9.895553
,,859,14.737997,9.818738
,,858,14.686855,9.786139
,,857,14.644152,9.757196
,,856,14.594147999999999,9.711414
,,855,14.54908,9.670548
,,854,14.510042,9.636880999999999
,,853,14.463556,9.606309999999999
,,852,14.431436,9.569677
,,851,14.406304,9.539755
,,850,14.345673999999999,9.497356
,,849,14.296332,9.463849
,,848,14.263176,9.42792
,,847,14.22662,9.392339
,,846,14.1848,9.355703
,,845,14.136312,9.329563
,,844,14.098418,9.299247
,,843,14.065681999999999,9.265372
,,842,14.0335,9.236939
,,841,14.000122,9.208461999999999
,,840,13.95859,9.179769
,,839,13.928811999999999,9.153731
,,838,13.886422999999999,9.122197
,,837,13.841682,9.095626
,,836,13.808423,9.065393
,,835,13.776634,9.037585
,,834,13.741932,9.007697
,,833,13.70894,8.98017
,,832,13.67713,8.945867
,,831,13.643884,8.922411
,,830,13.616595,8.899545999999999
,,829,13.583010999999999,8.87671
,,828,13.551911,8.845505
,,827,13.525084999999999,8.822961
,,826,13.484677,8.800896999999999
,,825,13.452743,8.771587
,,824,13.430444999999999,8.745213
,,823,13.397005,8.724969
,,822,13.371532,8.703408999999999
,,821,13.350282,8.68275
,,820,13.323515,8.661843
,,819,13.29136,8.639662
,,818,13.271072,8.61797
,,817,13.241374,8.595098
,,816,13.212638,8.576333
,,815,13.198829,8.555043
,,814,13.168569999999999,8.535055999999999
,,813,13.142871,8.51973
,,812,13.123946,8.499433
,,811,13.09382,8.477409
,,810,13.074579,8.460524
,,809,13.059336,8.44639
,,808,13.036422,8.425813
,,807,13.017259,8.412271
,,806,13.00324,8.400295
,,805,12.970706,8.379313
,,804,12.951046,8.364245
,,803,12.935153,8.354047999999999
,,802,12.918587,8.334341
,,801,12.902102,8.323998
,,800,12.898824,8.311480999999999
,,799,12.871323,8.293166
,,798,12.850769999999999,8.281533999999999
,,797,12.839689,8.270764
,,796,12.825348,8.252689
,,795,12.811975,8.242056
,,794,12.803932,8.237456
,,793,12.781682,8.219973
,,792,12.771357,8.21157
,,791,12.765667,8.205135
,,790,12.754980999999999,8.191498
,,789,12.743893,8.189301
,,788,12.73988,8.180963
,,787,12.719453999999999,8.164194
,,786,12.711563,8.161201
,,785,12.707666,8.157001
,,784,12.698986,8.144563999999999
,,783,12.693524,8.14216
,,782,12.690047999999999,8.138964
,,781,12.673669,8.126244
,,780,12.672034,8.12976
,,779,12.672905,8.12317
,,778,12.667531,8.118402
,,777,12.660589,8.112962999999999
,,776,12.667472,8.116221
,,775,12.653412,8.105392
,,774,12.656274,8.110726
,,773,12.662958,8.110278
,,772,12.659949,8.105292
,,771,12.660817,8.10309
,,770,12.665579,8.108756
,,769,12.652175,8.104832
,,768,12.659075,8.113221
,,767,12.670342999999999,8.110738
,,766,12.672025999999999,8.114004999999999
,,765,12.678844999999999,8.117597
,,764,12.690287999999999,8.124906
,,763,12.686141,8.124324999999999
,,762,12.694061,8.134412
,,761,12.70635,8.135374
,,760,12.713851,8.142009999999999
,,759,12.720829,8.147217
,,758,12.739576,8.161983
,,757,12.737748999999999,8.162865
,,756,12.749197,8.17661
,,755,12.772358,8.186779999999999
,,754,12.774472,8.195564
,,753,12.794531,8.201412
,,752,12.809864,8.219864
,,751,12.815494,8.221674
,,750,12.831358,8.244739
,,749,12.857685,8.252654
,,748,12.867182,8.264638999999999
,,747,12.890432,8.277963
,,746,12.919084999999999,8.299631999999999
,,745,12.925791,8.306130999999999
,,744,12.948910999999999,8.331341
,,743,12.979626999999999,8.347209
,,742,12.996058,8.355935
,,741,13.019484,8.376528
,,740,13.050123,8.401322
,,739,13.061644,8.417576
,,738,13.095217,8.442777
,,737,13.123024,8.464623
,,736,13.148602,8.477668999999999
,,735,13.177952,8.499903
,,734,13.211083,8.528639
,,733,13.231074999999999,8.548489
,,732,13.26559,8.576788
,,731,13.306124,8.602298
,,730,13.333044,8.621744999999999
,,729,13.366102999999999,8.648961
,,728,13.407286,8.6808
,,727,13.425155,8.700904
,,726,13.470971,8.733544
,,725,13.511597,8.765049
,,724,13.542244,8.786583
,,723,13.577414,8.819773999999999
,,722,13.623547,8.847303
,,721,13.645104,8.87397
,,720,13.689283999999999,8.908382
,,719,13.73364,8.94432
,,718,13.767025,8.965503
,,717,13.805401,9.002093
,,716,13.856997,9.037201999999999
,,715,13.875983999999999,9.067393
,,714,13.91987,9.092858
,,713,13.965531,9.131948
,,712,13.994909999999999,9.153607
,,711,14.03547,9.184152
,,710,14.075265,9.2189
,,709,14.098571,9.246907
,,708,14.139542,9.27295
,,707,14.174681,9.311873
,,706,14.203757,9.329939
,,705,14.228672,9.356103
,,704,14.266703999999999,9.385316999999999
,,703,14.277731,9.402505
,,702,14.299902,9.416466
,,701,14.323681,9.442668
,,700,14.330167,9.448972
,,699,14.348614999999999,9.464957
,,698,14.362390999999999,9.485992999999999
,,697,14.351030999999999,9.484843
,,696,14.356885,9.484494
,,695,14.352373,9.490015999999999
,,694,14.334387999999999,9.478943
,,693,14.318505,9.470043
,,692,14.301145,9.462075
,,691,14.27437,9.450179
,,690,14.238425,9.428912
,,689,14.196002,9.400746
,,688,14.150777999999999,9.360887
,,687,14.10116,9.330238
,,686,14.041193999999999,9.298993
,,685,13.964891,9.249826
,,684,13.895254999999999,9.196435
,,683,13.830359,9.152698
,,682,13.749722,9.094959
,,681,13.676124999999999,9.043151
,,680,13.598419999999999,8.993347
,,679,13.493421,8.918185
,,678,13.403165999999999,8.850227
,,677,13.320894,8.79678
,,676,13.228758,8.730175
,,675,13.142873999999999,8.667645
,,674,13.05494,8.609543
,,673,12.961528,8.540647
,,672,12.87555,8.478278
,,671,12.799427999999999,8.427643999999999
,,670,12.715342999999999,8.363633
,,669,12.639401,8.311812999999999
,,668,12.564012,8.269536
,,667,12.481066,8.210621
,,666,12.417717999999999,8.166231
,,665,12.365245,8.131969
,,664,12.307326999999999,8.092044
,,663,12.268068,8.060951
,,662,12.224015999999999,8.040428
,,661,12.181778,8.007314
,,660,12.148371,7.991535
,,659,12.132564,7.982644
,,658,12.107550999999999,7.972175
,,657,12.107939,7.969701
,,656,12.110571,7.982314
,,655,12.099803999999999,7.984318
,,654,12.114996999999999,7.994771999999999
,,653,12.143342,8.020669
,,652,12.165239,8.043465
,,651,12.209142,8.078925
,,650,12.249146999999999,8.122959999999999
,,649,12.2956,8.150145
,,648,12.356978,8.203448999999999
,,647,12.434549,8.267605999999999
,,646,12.506687,8.329244
,,645,12.604296,8.401188
,,644,12.690878,8.486908
,,643,12.785186,8.558796
,,642,12.895781,8.645363
,,641,13.019556,8.744359
,,640,13.149023,8.842164
,,639,13.289102999999999,8.959852999999999
,,638,13.429525,9.085761999999999
,,637,13.571467,9.19458
,,636,13.732384,9.32019
,,635,13.899549,9.456217
,,634,14.054122,9.591885
,,633,14.223567,9.726169
,,632,14.393044999999999,9.868489
,,631,14.549602,9.996405
,,630,14.725743,10.143265
,,629,14.903782,10.285733
,,628,15.072832,10.424930999999999
,,627,15.243333999999999,10.567511
,,626,15.409825,10.709054
,,625,15.556716,10.831509
,,624,15.712454,10.971687
,,623,15.865084,11.099964
,,622,16.01003,11.221902
,,621,16.152800000000003,11.34417
,,620,16.29154,11.461896
,,619,16.418387000000003,11.572429999999999
,,618,16.557324,11.696543
,,617,16.687273,11.810464
,,616,16.817142,11.913167999999999
,,615,16.939344000000002,12.019442
,,614,17.047575000000002,12.122021
,,613,17.150001000000003,12.211318
,,612,17.261237,12.316678
,,611,17.370386,12.409275
,,610,17.473217,12.496416
,,609,17.573372000000003,12.590717999999999
,,608,17.660336,12.675321
,,607,17.747401,12.746787
,,606,17.841955000000002,12.831112
,,605,17.919520000000002,12.909969
,,604,17.999005,12.973053
,,603,18.073925000000003,13.038395
,,602,18.127344,13.096188
,,601,18.174322,13.143424999999999
,,600,18.231558,13.202449999999999
,,599,18.292921,13.249763
,,598,18.346481,13.297454
,,597,18.412435000000002,13.35773
,,596,18.47775,13.416463
,,595,18.555444,13.482721
,,594,18.663894000000003,13.584708
,,593,18.806106,13.69794
,,592,18.963530000000002,13.831688999999999
,,591,19.159292,13.994432
,,590,19.385154,14.187130999999999
,,589,19.656142000000003,14.408509
,,588,19.967216,14.679941
,,587,20.318832,14.969961
,,586,20.690622,15.28646
,,585,21.090685,15.624665
,,584,21.493195,15.971537
,,583,21.905038,16.324440000000003
,,582,22.345425000000002,16.705874
,,581,22.796898000000002,17.077823000000002
,,580,23.230593000000002,17.451722
,,579,23.665714,17.841357000000002
,,578,24.092168,18.218398
,,577,24.501621,18.564411
,,576,24.908408,18.926771000000002
,,575,25.29447,19.268369
,,574,25.654112,19.576007
,,573,25.987350000000003,19.881319
,,572,26.292897,20.162352000000002
,,571,26.581559000000002,20.400983
,,570,26.864624000000003,20.661318
,,569,27.123582000000003,20.893364000000002
,,568,27.351441,21.094449
,,567,27.557431,21.288677
,,566,27.725855000000003,21.447491000000003
,,565,27.865795000000002,21.561418
,,564,28.003115,21.686619
,,563,28.108216000000002,21.7862
,,562,28.182609000000003,21.85115
,,561,28.238456000000003,21.902932
,,560,28.276094,21.939013000000003
,,559,28.28818,21.967080000000003
,,558,28.269932,21.960397
,,557,28.232649000000002,21.91514
,,556,28.167286,21.871572
,,555,28.098213,21.807904
,,554,28.007034,21.720981000000002
,,553,27.904613,21.633622000000003
,,552,27.772160000000003,21.526721000000002
,,551,27.630162000000002,21.396641000000002
,,550,27.509736,21.287898000000002
,,549,27.392136,21.178242
,,548,27.276819,21.067479000000002
,,547,27.173736,20.987287000000002
,,546,27.073796,20.906938
,,545,26.995918000000003,20.819572
,,544,26.95261,20.776996
,,543,26.931315,20.751385000000003
,,542,26.924513,20.73319
,,541,26.938598000000002,20.745665000000002
,,540,26.956887000000002,20.762058
,,539,26.991850000000003,20.773739000000003
,,538,27.056529,20.833218000000002
,,537,27.146716,20.902675000000002
,,536,27.252975000000003,20.977972
,,535,27.369794000000002,21.08593
,,534,27.493074,21.196545
,,533,27.633987,21.303392000000002
,,532,27.807742,21.452528
,,531,28.005857000000002,21.618536000000002
,,530,28.221897000000002,21.792838
,,529,28.451457,21.994181
,,528,28.684584,22.198574
,,527,28.929717,22.399440000000002
,,526,29.195332,22.628699
,,525,29.466465000000003,22.862283
,,524,29.733985,23.088542
,,523,29.999406,23.330958000000003
,,522,30.252846,23.557547000000003
,,521,30.503469000000003,23.766301000000002
,,520,30.77148,24.000056
,,519,31.03838,24.233371
,,518,31.297489000000002,24.461253000000003
,,517,31.545467000000002,24.683662
,,516,31.772152000000002,24.882574
,,515,31.998846,25.083293
,,514,32.236278999999996,25.290182
,,513,32.46327,25.478352
,,512,32.684418,25.669347000000002
,,511,32.906472,25.872414000000003
,,510,33.126681,26.067024
,,509,33.359936,26.272615000000002
,,508,33.613648999999995,26.497508
,,507,33.872037999999996,26.713574
,,506,34.121058,26.942486000000002
,,505,34.363799,27.170416000000003
,,504,34.60066,27.371579
,,503,34.823046999999995,27.570093
,,502,35.04107,27.767713
,,501,35.252013,27.946223
,,500,35.45773,28.125500000000002
,,499,35.656254,28.31203
,,498,35.839669,28.476578
,,497,36.03828,28.656144
,,496,36.258585,28.858738000000002
,,495,36.476361,29.047704000000003
,,494,36.700821,29.249785000000003
,,493,36.924135,29.466726
,,492,37.154696,29.668553000000003
,,491,37.398936,29.884933
,,490,37.650254,30.115475
,,489,37.899525999999994,30.334567
,,488,38.145436,30.561557
,,487,38.389863,30.789517
,,486,38.628301,31.005029
,,485,38.880444,31.241242
,,484,39.151255,31.491136
,,483,39.423446,31.727983000000002
,,482,39.696509999999996,31.984301000000002
,,481,39.969864,32.251703
,,480,40.250008,32.506246
,,479,40.541309999999996,32.776176
,,478,40.847322,33.071534
,,477,41.152842,33.36261
,,476,41.462306,33.663031
,,475,41.770553,33.969173999999995
,,474,42.087638999999996,34.264823
,,473,42.414338,34.574298999999996
,,472,42.757777,34.906406
,,471,43.110462999999996,35.234801999999995
,,470,43.480246,35.591080999999996
,,469,43.848805999999996,35.961293
,,468,44.221267999999995,36.307545
,,467,44.602533,36.685147
,,466,44.998847,37.082459
,,465,45.384074999999996,37.455625999999995
,,464,45.754394,37.829774
,,463,46.114086,38.208467
,,462,46.489999999999995,38.54653
,,461,46.838744999999996,38.887397
,,460,47.206579999999995,39.249874
,,459,47.573443,39.613841
,,458,47.933788,39.987176999999996
,,457,48.33734,40.385408
,,456,48.776239,40.785149
,,455,49.211999,41.222487
,,454,49.673217,41.704212999999996
,,453,50.132281,42.168411
,,452,50.592870999999995,42.640943
,,451,51.056003999999994,43.127939
,,450,51.551227,43.592375999999994
,,449,52.048384999999996,44.081675999999995
,,448,52.548494,44.60494
,,447,53.038644,45.101534
,,446,53.522397999999995,45.596121
,,445,53.993024999999996,46.096081
,,444,54.472721,46.545111999999996
,,443,54.925948,47.015285999999996
,,442,55.385594999999995,47.503845
,,441,55.83739,47.973458
,,440,56.293409,48.458912
,,439,56.757919,48.947053
,,438,57.249516,49.393974
,,437,57.717419,49.885808
,,436,58.202185,50.407694
,,435,58.695608,50.926002
,,434,59.188722999999996,51.453537
,,433,59.722761,52.004642999999994
,,432,60.30144,52.54994
,,431,60.872411,53.163312
,,430,61.488690999999996,53.825496
,,429,62.105334,54.490555
,,428,62.690132999999996,55.138706
,,427,63.250212,55.730489999999996
,,426,63.767931999999995,56.214472
,,425,64.123165,56.619121
,,424,64.41603900000001,56.928810999999996
,,423,64.614869,57.129490999999994
,,422,64.79954000000001,57.313734
,,421,65.07632100000001,57.600136
,,420,65.577696,58.064986
,,419,66.30998600000001,58.853049
,,418,67.328495,59.93363
,,417,68.456691,61.232256
,,416,69.638412,62.637964
,,415,70.801039,64.001518
,,414,71.909683,65.257444
,,413,72.890657,66.426513
,,412,73.783973,67.476881
,,411,74.530668,68.350176
,,410,75.163172,69.082711
,,409,75.708242,69.655493
,,408,76.148415,70.09951600000001
,,407,76.441479,70.41953500000001
,,406,76.71401900000001,70.688004
,,405,76.89809600000001,70.855343
,,404,77.051831,70.97583
,,403,77.19370400000001,71.056364
,,402,77.310648,71.063198
,,401,77.333858,71.055481
,,400,77.391895,71.051765
,,399,77.35862300000001,70.999592
,,398,77.329531,70.893866
,,397,77.27980600000001,70.718619
,,396,77.18638800000001,70.50520800000001
,,395,76.98933000000001,70.243858
,,394,76.80994000000001,69.968333
,,393,76.548187,69.611384
,,392,76.28883900000001,69.20817000000001
,,391,75.981009,68.76114600000001
,,390,75.61672200000001,68.267106
,,389,75.19748100000001,67.694908
,,388,74.77625900000001,67.09942000000001
,,387,74.254006,66.472243
,,386,73.74525600000001,65.811137
,,385,73.23448,65.112729
,,384,72.67325100000001,64.39097000000001
,,383,72.103797,63.689732
,,382,71.58179,63.010332999999996
,,381,71.06540000000001,62.355889999999995
,,380,70.632029,61.790960999999996
,,379,70.29906600000001,61.309689
,,378,70.04464200000001,60.894906
,,377,69.846452,60.625816
,,376,69.748469,60.462754
,,375,69.68115300000001,60.300542
,,374,69.602553,60.124052999999996
,,373,69.42937900000001,59.898115
,,372,69.25589000000001,59.63935
,,371,68.97663100000001,59.271271999999996
,,370,68.63780700000001,58.860592
,,369,68.278352,58.346084999999995
,,368,67.829908,57.781693
,,367,67.32456900000001,57.165966
,,366,66.803464,56.490648
,,365,66.191558,55.770089999999996
,,364,65.563761,55.001624
,,363,64.87056700000001,54.155192
,,362,64.121768,53.261928999999995
,,361,63.274713999999996,52.295713
,,360,62.375634999999996,51.282734999999995
,,359,61.420434,50.197523
,,358,60.463071,49.119882999999994
,,357,59.506744,48.048719
,,356,58.531698999999996,46.919626
,,355,57.530302,45.821873
,,354,56.561395,44.753619
,,353,55.538193,43.64279
,,352,54.467144,42.503986999999995
,,351,53.374341,41.314817
,,350,52.15302,39.997858
,,349,50.830529,38.626396
,,348,49.465604,37.200055
,,347,47.979403999999995,35.661694999999995
,,346,46.409518,34.112896
,,345,44.807717,32.541844
,,344,43.109021999999996,30.882185
,,343,41.357110999999996,29.223595000000003
,,342,39.544903999999995,27.546368
,,341,37.642612,25.767684000000003
,,340,35.667424,24.005961000000003
,,339,33.633796,22.239393
,,338,31.565521,20.434866000000003
,,337,29.47136,18.683767000000003
,,336,27.400023,16.981174000000003
,,335,25.331680000000002,15.327911
,,334,23.299139,13.736631
,,333,21.305345000000003,12.225323
,,332,19.280613000000002,10.752122
,,331,17.327004000000002,9.345418
,,330,15.383175,8.021051
,,329,13.496973,6.775535
,,328,11.712952999999999,5.643062
,,327,10.054497,4.641766
,,326,8.518609,3.7470730000000003
,,325,7.131844999999999,2.989442
,,324,5.905201,2.342804
,,323,4.806118,1.804867
,,322,3.843378,1.354426
,,321,3.0072740000000002,0.995702
,,320,2.290359,0.700273
,,319,1.704966,0.487007
,,318,1.257949,0.330928
,,317,0.888997,0.212537
,,316,0.617493,0.140092
,,315,0.415026,0.087746
,,314,0.274187,0.049123
,,313,0.171268,0.031473
,,312,0.112959,0.024331
,,311,0.063186,0.010803
,,310,0.038177,0.014274
,,309,0.019749,0.01159
,,308,0.014603999999999999,0.004649
,,307,0.007,0.004984000000000001
,,306,0.012147999999999999,0.00812
,,305,0.004425,0.00431
,,304,0.004424,0.01014
,,303,0.004423,0.008346
,,302,0.0026300000000000004,0.002399
,,301,0.0024029999999999998,0.007561
,,300,0.010364,0.008685
,,299,0.004757,0.005652
,,298,0.003634,0.008798
,,297,0.004305,0.009249
,,296,0.003519,0.000366
,,295,0.003967,0.007562
,,294,0.009921,0.007338
,,293,0.0044150000000000005,0.006325
,,292,0.0037400000000000003,0.008464
,,291,0.0032890000000000003,0.007338
,,290,0.006888,0.0076760000000000005
,,289,0.00745,0.007113
,,288,0.007563,0.005535
,,287,0.0062120000000000005,0.006098
,,286,0.0028330000000000004,0.011287
,,285,0.005535,0.00858
,,284,0.002606,0.001922
,,283,0.005873,0.002823
,,282,0.008578,0.006435
,,281,0.004745,0.006209
,,280,0.0038410000000000002,0.004627
,,279,0.006549,0.006322
,,278,0.0020360000000000005,0.004853
,,277,0.004179,0.0044
,,276,0.008016,0.005417
,,275,0.003952000000000001,0.0075650000000000005
,,274,0.0023700000000000006,0.004738
,,273,0.005419,0.005642
,,272,0.002484,0.004512
,,271,0.003161,0.004398
,,270,0.005758,0.00553
,,269,0.00542,0.008244
,,268,0.0029370000000000004,0.004286
,,267,0.0067740000000000005,0.004512
,,266,0.0029389999999999998,0.0021390000000000003
,,265,0.004745,0.004626
,,264,0.009593,0.005757
,,263,0.004971,0.006096
,,262,0.002941,0.004627
,,261,0.003392,0.004967
,,260,0.002378,0.004289
,,259,0.003956,0.003837
,,258,0.009142,0.006435
,,257,0.0027150000000000004,0.006096
,,256,0.0036160000000000003,0.0044
,,255,0.004291,0.00553
,,254,0.002823,0.002928
,,253,0.005193,0.0028140000000000005
,,252,0.00892,0.006321
,,251,0.0031590000000000003,0.004962
,,250,0.0038350000000000003,0.002469
,,249,0.004286,0.0060940000000000005
,,248,0.003494,0.0038280000000000002
,,247,0.002138,0.002694
,,246,0.008357,0.006547
,,245,0.0018000000000000004,0.00632
,,244,0.002027,0.003262
,,243,0.0033840000000000003,0.0033770000000000002
,,242,0.003274,0.006661
,,241,0.00181,0.003608
,,240,0.008691,0.007113
,,239,0.0024940000000000006,0.00384
,,238,0.004073,0.003953
,,237,0.003176,0.004632000000000001
,,236,0.003965,0.004522
,,235,0.0017210000000000003,0.002385
,,234,0.007449,0.009025
,,233,0.002399,0.007
,,232,0.0027350000000000005,0.007562
,,231,0.0028470000000000006,0.003738
,,230,0.00397,0.005763
,,229,0.002621,0.003287
,,228,0.008909,0.008576
,,227,0.00228,0.005648
,,226,0.0043,0.004294
,,225,0.00396,0.0035020000000000003
,,224,0.005536,0.006435
,,223,0.0032790000000000002,0.0024800000000000004
,,222,0.007451,0.008018
,,221,0.0018050000000000002,0.005529
,,220,0.003158,0.004394
,,219,0.003154,0.003372
,,218,0.004058,0.006093
,,217,0.0034920000000000003,0.0015539999999999998
,,216,0.007566,0.007908
,,215,0.002131,0.003595
,,214,0.003601,0.005297
,,213,0.005187000000000001,0.004501
,,212,0.0031490000000000003,0.003935
,,211,0.0026960000000000005,0.0024600000000000004
,,210,0.005867000000000001,0.008135
,,209,0.0023569999999999997,0.001438
,,208,0.0013360000000000004,0.004616
,,207,0.004735,0.007
,,206,0.0024740000000000005,0.002123
,,205,0.003268,0.005753
,,204,0.0067740000000000005,0.00836
,,203,0.0028190000000000003,0.005414
,,202,0.0014650000000000002,0.004848
,,201,0.0055320000000000005,0.00349
,,200,0.0004559999999999998,0.003039
