wavelength ,transmission
200,0.000646
201,0.003945
202,0.000308
203,0.001841
204,0.004894
205,0.007358
206,0.003138
207,0.007124
208,0.00314
209,0.003847
210,0.00666
211,0.007246
212,0.004443
213,0.00643
214,0.001531
215,0.003404
216,0.005972
217,0.008302
218,0.004586
219,0.007259
220,0.002974
221,0.003561
222,0.006689
223,0.008193
224,0.004392
225,0.006469
226,0.002796
227,0.005214
228,0.007166
229,0.008084
230,0.005225
231,0.00637
232,0.00374
233,0.003742
234,0.006599
235,0.007285
236,0.005453
237,0.007397
238,0.003842
239,0.003496
240,0.007508
241,0.006933
242,0.005783
243,0.006815
244,0.004283
245,0.003363
246,0.00831
247,0.007505
248,0.005434
249,0.006699
250,0.003135
251,0.003484
252,0.008311
253,0.007738
254,0.005329
255,0.005903
256,0.003612
257,0.003846
258,0.009229
259,0.007398
260,0.004883
261,0.00717
262,0.004425
263,0.004083
264,0.0074
265,0.007857
266,0.004658
267,0.006828
268,0.002599
269,0.003171
270,0.008543
271,0.009571
272,0.003974
273,0.006257
274,0.003288
275,0.005461
276,0.008315
277,0.008886
278,0.003754
279,0.006376
280,0.003414
281,0.004328
282,0.007633
283,0.009342
284,0.007976
285,0.007862
286,0.00263
287,0.006272
288,0.006615
289,0.009341
290,0.004119
291,0.008432
292,0.003327
293,0.005938
294,0.00662
295,0.010246
296,0.003903
297,0.009453
298,0.00334
299,0.004814
300,0.007643
301,0.009565
302,0.004932
303,0.009226
304,0.003804
305,0.006065
306,0.008436
307,0.008549
308,0.004604
309,0.008775
310,0.003255
311,0.005736
312,0.009563
313,0.009
314,0.005851
315,0.006976
316,0.003156
317,0.004958
318,0.006306
319,0.007664
320,0.004324
321,0.007219
322,0.00377
323,0.004663
324,0.007888
325,0.008889
326,0.004555
327,0.008444
328,0.003891
329,0.005114
330,0.007557
331,0.008334
332,0.005007
333,0.008224
334,0.002902
335,0.005454
336,0.00612
337,0.009111
338,0.004682
339,0.009554
340,0.003799
341,0.005682
342,0.008115
343,0.008779
344,0.008227
345,0.011872
346,0.008669
347,0.011428
348,0.012861
349,0.014514
350,0.008228
351,0.009551
352,0.004481
353,0.006356
354,0.007566
355,0.00911
356,0.006573
357,0.007455
358,0.004148
359,0.006796
360,0.00878
361,0.008229
362,0.006029
363,0.007569
364,0.00482
365,0.007132
366,0.00889
367,0.007574
368,0.00593
369,0.008233
370,0.006152
371,0.007358
372,0.010969
373,0.019388
374,0.042891
375,0.061232
376,0.047865
377,0.030068
378,0.054779
379,0.116515
380,0.140634
381,0.089513
382,0.034236
383,0.023354
384,0.047053
385,0.24787
386,2.724089
387,15.433612
388,44.478236
389,76.684433
390,93.207103
391,95.955433
392,96.216229
393,96.376234
394,96.555445
395,96.604169
396,96.739876
397,96.875385
398,96.859888
399,96.796093
400,96.828463
401,96.975091
402,97.076278
403,97.121624
404,97.146038
405,97.153172
406,97.325749
407,97.328625
408,97.238145
409,97.209795
410,97.198325
411,97.325691
412,97.393887
413,97.105683
414,96.668521
415,96.529565
416,96.766767
417,97.052929
418,97.238457
419,97.414137
420,97.617142
421,97.748862
422,97.727429
423,97.671112
424,97.689972
425,97.651537
426,97.538462
427,97.465013
428,97.386218
429,97.384493
430,97.446021
431,97.534081
432,97.783661
433,98.046356
434,97.986522
435,97.83427
436,97.875683
437,97.956208
438,97.989752
439,98.006909
440,98.006271
441,98.041429
442,98.036739
443,97.944038
444,97.893909
445,97.88679
446,97.803704
447,97.707094
448,97.715521
449,97.645824
450,97.524595
451,97.56297
452,97.660098
453,97.750824
454,97.787282
455,97.81915
456,97.908699
457,97.908377
458,97.822853
459,97.914323
460,98.009865
461,97.932839
462,97.862489
463,97.906323
464,97.900882
465,97.8518
466,97.851265
467,97.884224
468,97.913584
469,97.885017
470,97.819633
471,97.853349
472,97.897076
473,97.872942
474,97.950745
475,98.077711
476,98.059932
477,97.996029
478,97.984027
479,98.032361
480,98.105866
481,98.135382
482,98.144923
483,98.190994
484,98.198138
485,98.148185
486,98.180904
487,98.212834
488,98.095991
489,98.026896
490,98.074135
491,98.101071
492,98.104214
493,98.038897
494,97.932381
495,97.944214
496,98.006353
497,98.046344
498,98.155666
499,98.202199
500,98.132035
501,98.159476
502,98.263558
503,98.280015
504,98.274949
505,98.294974
506,98.295608
507,98.353239
508,98.388763
509,98.292366
510,98.243928
511,98.295719
512,98.291566
513,98.221678
514,98.153756
515,98.207709
516,98.280211
517,98.078839
518,97.863984
519,98.044673
520,98.201051
521,98.059383
522,98.073366
523,98.318323
524,98.385309
525,98.283175
526,98.285532
527,98.384308
528,98.425925
529,98.382322
530,98.405659
531,98.541565
532,98.535338
533,98.41208
534,98.500045
535,98.615342
536,98.579401
537,98.588474
538,98.61072
539,98.520645
540,98.522793
541,98.587444
542,98.514661
543,98.373393
544,98.357499
545,98.467566
546,98.53711
547,98.423312
548,98.319044
549,98.418786
550,98.465439
551,98.420948
552,98.522582
553,98.588461
554,98.469042
555,98.492098
556,98.631827
557,98.603482
558,98.552363
559,98.60411
560,98.654652
561,98.646371
562,98.617232
563,98.685149
564,98.726616
565,98.718605
566,98.735831
567,98.767833
568,98.714668
569,98.596964
570,98.589023
571,98.726398
572,98.703425
573,98.525156
574,98.523241
575,98.632636
576,98.570397
577,98.559418
578,98.612216
579,98.540386
580,98.436289
581,98.490783
582,98.590865
583,98.709421
584,98.670678
585,98.552173
586,98.570778
587,98.572603
588,98.378105
589,98.319153
590,98.495137
591,98.585349
592,98.593431
593,98.583329
594,98.640432
595,98.736552
596,98.519376
597,98.150075
598,98.019625
599,97.86377
600,97.381834
601,97.157706
602,97.430901
603,97.634628
604,97.538474
605,97.650953
606,97.893445
607,97.756444
608,97.415759
609,97.638444
610,98.185344
611,98.526487
612,98.657816
613,98.721524
614,98.564516
615,98.436244
616,98.481334
617,98.390262
618,98.267101
619,98.481361
620,98.596631
621,98.50546
622,98.513937
623,98.677277
624,98.792635
625,98.839195
626,98.742065
627,98.623223
628,98.601647
629,98.60278
630,98.449903
631,98.207198
632,98.136121
633,98.379863
634,98.783084
635,98.965913
636,98.912931
637,98.837888
638,98.6644
639,98.523942
640,98.630534
641,98.674201
642,98.722274
643,98.83311
644,98.734194
645,98.405607
646,98.2665
647,98.4451
648,98.711537
649,98.948224
650,98.965056
651,98.851134
652,98.789133
653,98.735905
654,98.756058
655,98.899485
656,98.862273
657,98.74016
658,98.556399
659,98.335917
660,98.246543
661,98.45386
662,98.607259
663,98.569171
664,98.552665
665,98.54695
666,98.638484
667,98.829805
668,98.85658
669,98.680338
670,98.485868
671,98.382862
672,98.596146
673,98.900864
674,98.929111
675,98.955267
676,99.036789
677,98.909825
678,98.514953
679,98.318311
680,98.419413
681,98.718007
682,99.016824
683,99.123304
684,98.992064
685,98.771663
686,98.512279
687,98.500229
688,98.785197
689,99.006306
690,99.00475
691,98.941214
692,98.953863
693,98.738645
694,98.363608
695,98.296989
696,98.472749
697,98.759126
698,98.86003
699,98.725956
700,98.50977
701,98.471589
702,98.528026
703,98.728935
704,98.776384
705,98.435978
706,98.117581
707,98.265598
708,98.665574
709,98.814432
710,98.745751
711,98.574572
712,98.547857
713,98.77669
714,98.94261
715,98.852438
716,98.605668
717,98.378966
718,98.460967
719,98.798896
720,98.746923
721,98.467621
722,98.489734
723,98.707119
724,98.79454
725,98.772148
726,98.734278
727,98.853849
728,98.907292
729,98.817049
730,98.733979
731,98.700432
732,98.605212
733,98.610379
734,98.64478
735,98.495011
736,98.430094
737,98.416118
738,97.854247
739,97.143425
740,97.328339
741,98.060168
742,98.481897
743,98.468196
744,98.022493
745,96.21588
746,88.206715
747,64.032221
748,28.139292
749,5.314345
750,0.394821
751,0.096875
752,0.01823
753,0.004442
754,0.001565
755,0.00034248
756,0.00056544
757,0.00031768
758,0.00015248
759,0.00006168
760,0.0001856
761,0.00042504
762,0.00035072
763,0.00010328
764,0.00024344
765,4.32E-06
766,0.00020232
767,0.00032608
768,0.00040024
769,0.00018592
770,0.00016936
771,0.00008696
772,0.00021072
773,0.00044968
774,0.00037552
775,0.0001532
776,0.00023544
777,0.00012024
778,0.0002356
779,0.00052368
780,0.00032616
781,0.00020272
782,0.00016976
783,0.0000464
784,0.00019464
785,0.000466
786,0.00035912
787,0.00023576
788,0.00017816
789,0.00007136
790,0.00023584
791,0.00053984
792,0.00035096
793,0.0001948
794,0.00020304
795,0.00015384
796,0.0002524
797,0.00053976
798,0.00036736
799,0.0002688
800,0.00026056
801,0.00010456
802,0.00023608
803,0.00048224
804,0.00030992
805,0.00017864
806,0.00022784
807,0.00012944
808,0.00017872
809,0.0001212
810,0.00010488
811,0.00026896
812,0.00038376
813,0.0004248
814,0.00024432
815,0.00034272
816,0.00005544
817,0.00022784
818,0.0003756
819,0.00043304
820,0.00017848
821,0.00020304
822,0.00007984
823,0.00034272
824,0.00047424
825,0.000466
826,0.00028504
827,0.00040024
828,0.00026024
829,0.00035904
830,0.00050736
831,0.00052392
832,0.00026
833,0.0002764
834,0.00029288
835,0.00044984
836,0.00061536
837,0.00064864
838,0.00054112
839,0.00040032
840,0.00036712
841,0.00050824
842,0.00060792
843,0.00054984
844,0.00045848
845,0.00035872
846,0.00040864
847,0.00060008
848,0.0007084
849,0.00068344
850,0.000642
851,0.00047536
852,0.00060864
853,0.00077536
854,0.00080872
855,0.00080864
856,0.00090048
857,0.00069208
858,0.000692
859,0.00054208
860,0.0007632
861,0.000640365
862,0.000677357
863,0.00068487
864,0.000591712
865,0.000527354
866,0.000549946
867,0.000549946
868,0.000503392
869,0.000479424
870,0.000552
871,0.000721728
872,0.000844211
873,0.000703917
874,0.000583475
875,0.00050343
876,0.000423398
877,0.000463072
878,0.00052327
879,0.000565677
880,0.000712032
881,0.000752346
882,0.000672346
883,0.000658669
884,0.000694918
885,0.0007168
886,0.000633363
887,0.000551315
888,0.00055952
889,0.000626502
890,0.000662048
891,0.000582758
892,0.000564301
893,0.000634003
894,0.000699616
895,0.000642912
896,0.000475443
897,0.000436499
898,0.00053833
899,0.000637427
900,0.00069415
901,0.000746125
902,0.000689382
903,0.000535597
904,0.000571136
905,0.000655891
906,0.000710586
907,0.000741306
908,0.000567034
909,0.000494598
910,0.000615552
911,0.00064359
912,0.000579334
913,0.000605293
914,0.000669504
915,0.000657888
916,0.000526714
917,0.000508934
918,0.000570458
919,0.000506202
920,0.000546534
921,0.000738592
922,0.000803533
923,0.000624448
924,0.000474784
925,0.000524672
926,0.000734445
927,0.000780237
928,0.000633325
929,0.00043241
930,0.000528762
931,0.000705786
932,0.000647002
933,0.000534912
934,0.000575238
935,0.000603942
936,0.000579334
937,0.000502803
938,0.000564301
939,0.000807584
940,0.000894406
941,0.000750867
942,0.000523302
943,0.000357914
944,0.000513043
945,0.000677747
946,0.000587539
947,0.000510317
948,0.000615558
949,0.000708493
950,0.000575238
951,0.000416691
952,0.000597786
953,0.000744045
954,0.000616922
955,0.000515782
956,0.000560883
957,0.000514406
958,0.000601882
959,0.000627853
960,0.000705056
961,0.000612128
962,0.000493235
963,0.000598451
964,0.000618272
965,0.000713203
966,0.000669504
967,0.000494605
968,0.00039415
969,0.000541069
970,0.000768602
971,0.000721434
972,0.000555418
973,0.000484358
974,0.000619629
975,0.000568397
976,0.000541069
977,0.000659942
978,0.000583424
979,0.00051648
980,0.000523994
981,0.000657875
982,0.000614854
983,0.00052672
984,0.000734432
985,0.000738509
986,0.000618944
987,0.000501453
988,0.000496013
989,0.000623027
990,0.000552685
991,0.000529459
992,0.000672224
993,0.000610054
994,0.000561562
995,0.000598432
996,0.000676966
997,0.000669446
998,0.00054039
999,0.000589562
1000,0.000711789
1001,0.000726093
1002,0.000591603
1003,0.000504198
1004,0.000483712
1005,0.000711142
1006,0.000660557
1007,0.000571117
1008,0.000485779
1009,0.000489862
1010,0.000743898
1011,0.000792333
1012,0.000667379
1013,0.000581357
1014,0.000462566
1015,0.000468026
1016,0.000680358
1017,0.000637331
1018,0.000558144
1019,0.000532883
1020,0.000569069
1021,0.000740435
1022,0.000669414
1023,0.000570432
1024,0.000500794
1025,0.00051376
1026,0.000724736
1027,0.000745894
1028,0.000639373
1029,0.000588864
1030,0.000511046
1031,0.000473498
1032,0.00072608
1033,0.000733619
1034,0.000613446
1035,0.000554048
1036,0.000427059
1037,0.000440717
1038,0.000756109
1039,0.000702202
1040,0.000614118
1041,0.000560877
1042,0.000548589
1043,0.000542445
1044,0.000738387
1045,0.000750656
1046,0.000673536
1047,0.000620275
1048,0.000517856
1049,0.000446842
1050,0.000474163
1051,0.000728877
1052,0.000690618
1053,0.000690618
1054,0.000598426
1055,0.000536294
1056,0.000470054
1057,0.000470054
1058,0.000724781
1059,0.000735034
1060,0.000625062
1061,0.00058
1062,0.000555418
1063,0.000508294
1064,0.00048985
1065,0.000748698
1066,0.000692032
1067,0.000716602
1068,0.00064761
1069,0.000620986
1070,0.000603904
1071,0.000521952
1072,0.000442746
1073,0.000402464
1074,0.000411328
1075,0.000726829
1076,0.000677005
1077,0.000683149
1078,0.000667424
1079,0.00065513
1080,0.000405133
1081,0.000508288
1082,0.000730944
1083,0.000673594
1084,0.000576589
1085,0.000633286
1086,0.00056839
1087,0.000517171
1088,0.000502816
1089,0.00076311
1090,0.000663354
1091,0.000695488
1092,0.000559514
1093,0.000500774
1094,0.000491194
1095,0.000810246
1096,0.000724173
1097,0.000666106
1098,0.000649024
1099,0.000573862
1100,0.000544486
1101,0.000451565
1102,0.000557466
1103,0.000806176
1104,0.000763808
1105,0.000731725
1106,0.000685254
1107,0.000605306
1108,0.00054585
1109,0.00051031
1110,0.000376352
1111,0.000380448
1112,0.000407789
1113,0.000705811
1114,0.000691462
1115,0.000653862
1116,0.000644301
1117,0.000631994
1118,0.000644294
1119,0.000638138
1120,0.00062585
1121,0.000655942
1122,0.0006744
1123,0.000724998
1124,0.000729805
1125,0.00060944
1126,0.000549267
1127,0.000491821
1128,0.00055337
1129,0.00084807
1130,0.000835821
1131,0.000757894
1132,0.000576621
1133,0.000334502
1134,0.00011488
1135,0.000277043
1136,0.000554733
1137,0.000810547
1138,0.000851616
1139,0.000676525
1140,0.00069568
1141,0.000712115
1142,0.000687488
1143,0.00065465
1144,0.000582797
1145,0.000636858
1146,0.000690944
1147,0.000708032
1148,0.000653286
1149,0.000578694
1150,0.000481491
1151,0.000419194
1152,0.000364448
1153,0.000493133
1154,0.000777248
1155,0.000720397
1156,0.000640979
1157,0.000606765
1158,0.000584179
1159,0.000583494
1160,0.000534195
1161,0.000489696
1162,0.000422605
1163,0.000366432
1164,0.000482829
1165,0.000709517
1166,0.000677325
1167,0.000647187
1168,0.000666368
1169,0.000625971
1170,0.000577344
1171,0.000570496
1172,0.000545152
1173,0.000555424
1174,0.000621875
1175,0.000737658
1176,0.00071095
1177,0.000715763
1178,0.000782906
1179,0.000775341
1180,0.000780838
1181,0.000682182
1182,0.000674637
1183,0.00055337
1184,0.000471136
1185,0.000464973
1186,0.000418362
1187,0.000491002
1188,0.000594496
1189,0.000549254
1190,0.000530054
1191,0.00058697
1192,0.000648698
1193,0.000683667
1194,0.000684352
1195,0.0007248
1196,0.000711098
1197,0.000674746
1198,0.000604109
1199,0.0005472
1200,0.000453261
1201,0.000363418
1202,0.000494394
1203,0.000707667
1204,0.000584915
1205,0.000545139
1206,0.000680954
1207,0.000802304
1208,0.000711098
1209,0.000667226
1210,0.00063225
1211,0.00074953
1212,0.000971814
1213,0.000989018
1214,0.000918342
1215,0.000709773
1216,0.000458022
1217,0.000449766
1218,0.000512883
1219,0.000539648
1220,0.000503974
1221,0.000574637
1222,0.000724198
1223,0.000831942
1224,0.000801747
1225,0.000625421
1226,0.000400358
1227,0.000463501
1228,0.000580134
1229,0.000621312
1230,0.00062199
1231,0.000513568
1232,0.000330976
1233,0.000345427
1234,0.00031801
1235,0.00031527
1236,0.000501222
1237,0.000722189
1238,0.000664538
1239,0.000626106
1240,0.000627475
1241,0.000619245
1242,0.000721485
1243,0.000827181
1244,0.000797677
1245,0.000763354
1246,0.000712557
1247,0.000685094
1248,0.000680979
1249,0.000671379
1250,0.000673466
1251,0.000733158
1252,0.00079216
1253,0.000754419
1254,0.000562291
1255,0.00042505
1256,0.00046759
1257,0.000491603
1258,0.000497101
1259,0.000556806
1260,0.000630227
1261,0.000751699
1262,0.000893875
1263,0.000930246
1264,0.000665926
1265,0.000394144
1266,0.000344685
1267,0.000383802
1268,0.000414022
1269,0.000475123
1270,0.000544448
1271,0.000558861
1272,0.000558176
1273,0.000613766
1274,0.000663168
1275,0.000655603
1276,0.000673446
1277,0.000714624
1278,0.000694733
1279,0.000637773
1280,0.000624038
1281,0.000687149
1282,0.000797594
1283,0.000881952
1284,0.000905978
1285,0.000890925
1286,0.000905325
1287,0.000941709
1288,0.000942381
1289,0.001887514
1290,0.003846
1291,0.006091
1292,0.022769
1293,0.035381
1294,0.038169
1295,0.038058
1296,0.044274
1297,0.053283
1298,0.066472
1299,0.088553
1300,0.109781
1301,0.139476
1302,0.18409
1303,0.275082
1304,0.442818
1305,0.657712
1306,0.837738
1307,0.916594
1308,0.886396
1309,0.80363
1310,0.744371
1311,0.731793
1312,0.768641
1313,0.84557
1314,0.97022
1315,1.20329
1316,1.621576
1317,2.289364
1318,3.337336
1319,4.744156
1320,6.218388
1321,7.283294
1322,7.604068
1323,7.360937
1324,7.000704
1325,6.88098
1326,7.192218
1327,8.075352
1328,9.65314
1329,12.673646
1330,18.180318
1331,27.478693
1332,42.093021
1333,59.52373
1334,71.597392
1335,71.714993
1336,61.824178
1337,50.475072
1338,42.45166
1339,38.566016
1340,38.199999
1341,40.691141
1342,45.51619
1343,52.013164
1344,58.026233
1345,60.81419
1346,59.024539
1347,52.905866
1348,45.277894
1349,38.637182
1350,33.707697
1351,30.619292
1352,29.208146
1353,29.420808
1354,31.392382
1355,34.898819
1356,41.253377
1357,49.341857
1358,58.943528
1359,68.639901
1360,75.422835
1361,77.225349
1362,73.979532
1363,67.086561
1364,59.122944
1365,53.249594
1366,49.375122
1367,47.394154
1368,47.4189
1369,49.410162
1370,53.281697
1371,58.267111
1372,64.808632
1373,72.575259
1374,79.653314
1375,84.319332
1376,85.929542
1377,84.678492
1378,80.93528
1379,76.068088
1380,71.572266
1381,68.179784
1382,66.217887
1383,65.755798
1384,67.195002
1385,70.082981
1386,73.941233
1387,78.250735
1388,82.012263
1389,84.289748
1390,84.182347
1391,81.656566
1392,77.215005
1393,71.584299
1394,65.372968
1395,60.605495
1396,56.991228
1397,54.412326
1398,53.014914
1399,52.874178
1400,53.90507
1401,56.315005
1402,60.090751
1403,64.134405
1404,68.398561
1405,72.861424
1406,77.087965
1407,80.207954
1408,81.885191
1409,82.338054
1410,81.677061
1411,80.395161
1412,78.935872
1413,77.687867
1414,76.996315
1415,76.898103
1416,77.342727
1417,78.131985
1418,79.094174
1419,79.883437
1420,80.163068
1421,79.554898
1422,77.955746
1423,75.617752
1424,72.539393
1425,68.991827
1426,65.533393
1427,62.470582
1428,60.04646
1429,58.409924
1430,57.616382
1431,57.734211
1432,58.77315
1433,60.792786
1434,63.547256
1435,66.828337
1436,70.56632
1437,74.394421
1438,77.636411
1439,79.813084
1440,80.502577
1441,79.611535
1442,77.227001
1443,74.112364
1444,70.52682
1445,67.249262
1446,64.465838
1447,62.343785
1448,60.977714
1449,60.424578
1450,60.772116
1451,61.865565
1452,63.711967
1453,66.042557
1454,69.017252
1455,72.10554
1456,75.180894
1457,77.655982
1458,79.411837
1459,80.062697
1460,79.565965
1461,78.126645
1462,75.904045
1463,73.410338
1464,70.823481
1465,68.554136
1466,66.6786
1467,65.302415
1468,64.616288
1469,64.640134
1470,65.188408
1471,66.265782
1472,67.770044
1473,69.585249
1474,71.500246
1475,73.251859
1476,74.761597
1477,75.800765
1478,76.325827
1479,76.331263
1480,75.938521
1481,75.287342
1482,74.538323
1483,73.944335
1484,73.5528
1485,73.526563
1486,73.886634
1487,74.630372
1488,75.695831
1489,76.913813
1490,78.370263
1491,79.613797
1492,80.508957
1493,80.93572
1494,80.65138
1495,79.651734
1496,77.90727
1497,75.749007
1498,73.076251
1499,70.318427
1500,67.755046
1501,65.433301
1502,63.492511
1503,62.107599
1504,61.274558
1505,61.100428
1506,61.582822
1507,62.726426
1508,64.4243
1509,66.812482
1510,69.696678
1511,72.794997
1512,76.048244
1513,78.971564
1514,81.550611
1515,83.109021
1516,83.627018
1517,83.002894
1518,81.375922
1519,78.976245
1520,76.222191
1521,73.404822
1522,70.585835
1523,68.341212
1524,66.583429
1525,65.484747
1526,64.951552
1527,65.050339
1528,65.778574
1529,67.065652
1530,68.844616
1531,71.250601
1532,73.902142
1533,76.70885
1534,79.444886
1535,81.92212
1536,83.989928
1537,85.319161
1538,85.938706
1539,85.74427
1540,84.753835
1541,83.226207
1542,81.237818
1543,79.246603
1544,77.230539
1545,75.481713
1546,74.07694
1547,73.125977
1548,72.617264
1549,72.614493
1550,73.071597
1551,73.895154
1552,75.010289
1553,76.46951
1554,78.010197
1555,79.552169
1556,80.972375
1557,82.074325
1558,82.819703
1559,83.203658
1560,83.221131
1561,82.882373
1562,82.330576
1563,81.725479
1564,81.084222
1565,80.579554
1566,80.307948
1567,80.35252
1568,80.740642
1569,81.42701
1570,82.427347
1571,83.754397
1572,85.231553
1573,86.751694
1574,88.091363
1575,89.107292
1576,89.69069
1577,89.625699
1578,88.89928
1579,87.502625
1580,85.465496
1581,82.860587
1582,79.944673
1583,76.914548
1584,73.805761
1585,71.020158
1586,68.564642
1587,66.556315
1588,65.035071
1589,64.089234
1590,63.706979
1591,63.894842
1592,64.671388
1593,66.052299
1594,67.9817
1595,70.40973
1596,73.399117
1597,76.833769
1598,80.293639
1599,83.640907
1600,86.698415
1601,89.143535
1602,90.677296
1603,91.151126
1604,90.556754
1605,88.941602
1606,86.52176
1607,83.515416
1608,80.292248
1609,77.049955
1610,73.958864
1611,71.278875
1612,68.976821
1613,67.150843
1614,65.850486
1615,65.071489
1616,64.805176
1617,65.064746
1618,65.787999
1619,67.009443
1620,68.698431
1621,70.855979
1622,73.378833
1623,76.067115
1624,79.030107
1625,82.066988
1626,84.852232
1627,87.345753
1628,89.373607
1629,90.741638
1630,91.391787
1631,91.299077
1632,90.481596
1633,89.074909
1634,87.328084
1635,85.353426
1636,83.331707
1637,81.38668
1638,79.594062
1639,78.082891
1640,76.856085
1641,75.915322
1642,75.329474
1643,75.072345
1644,75.119445
1645,75.453698
1646,75.992386
1647,76.739812
1648,77.658488
1649,78.666118
1650,79.728254
1651,80.797892
1652,81.849212
1653,82.834506
1654,83.721474
1655,84.520082
1656,85.195884
1657,85.736523
1658,86.163012
1659,86.457931
1660,86.662804
1661,86.766194
1662,86.776352
1663,86.721269
1664,86.600913
1665,86.392997
1666,86.090522
1667,85.716785
1668,85.262478
1669,84.682614
1670,84.004338
1671,83.169511
1672,82.22012
1673,81.222895
1674,80.176862
1675,79.078097
1676,78.001955
1677,76.964203
1678,76.005012
1679,75.192719
1680,74.531135
1681,74.030982
1682,73.747495
1683,73.705675
1684,73.891234
1685,74.319073
1686,75.003112
1687,75.927812
1688,77.039412
1689,78.326463
1690,79.660639
1691,81.063572
1692,82.500652
1693,83.843056
1694,84.981123
1695,85.876533
1696,86.444774
1697,86.594249
1698,86.323667
1699,85.635266
1700,84.500474
1701,83.003137
1702,81.284623
1703,79.34394
1704,77.322172
1705,75.337397
1706,73.427012
1707,71.626969
1708,70.107616
1709,68.873044
1710,67.943636
1711,67.300364
1712,66.991508
1713,67.040039
1714,67.359886
1715,68.052002
1716,69.042613
1717,70.327401
1718,71.850399
1719,73.537253
1720,75.378268
1721,77.302077
1722,79.142378
1723,80.839916
1724,82.287935
1725,83.410519
1726,84.134932
1727,84.43652
1728,84.3272
1729,83.786549
1730,82.870107
1731,81.668945
1732,80.230261
1733,78.659365
1734,77.066678
1735,75.464227
1736,74.020064
1737,72.731598
1738,71.652807
1739,70.788064
1740,70.173396
1741,69.792188
1742,69.696169
1743,69.874556
1744,70.253378
1745,70.90766
1746,71.783881
1747,72.845884
1748,74.039232
1749,75.326685
1750,76.628037
1751,77.897343
1752,79.064618
1753,80.076048
1754,80.843092
1755,81.38104
1756,81.648361
1757,81.613157
1758,81.326573
1759,80.81106
1760,80.106907
1761,79.226961
1762,78.343121
1763,77.370496
1764,76.465578
1765,75.683564
1766,75.042623
1767,74.510539
1768,74.167431
1769,73.955822
1770,73.933859
1771,74.134625
1772,74.466835
1773,74.971769
1774,75.578659
1775,76.271746
1776,77.015894
1777,77.807795
1778,78.522958
1779,79.16595
1780,79.765429
1781,80.162795
1782,80.408551
1783,80.482798
1784,80.314782
1785,79.926701
1786,79.354392
1787,78.683979
1788,77.86751
1789,76.960381
1790,76.073057
1791,75.189953
1792,74.376613
1793,73.682084
1794,73.164072
1795,72.752623
1796,72.541967
1797,72.510446
1798,72.64514
1799,72.964046
1800,73.533589
1801,74.262136
1802,75.056605
1803,76.037407
1804,77.076813
1805,78.100894
1806,79.133731
1807,80.136857
1808,81.008067
1809,81.668204
1810,82.092203
1811,82.315181
1812,82.3138
1813,82.048848
1814,81.558791
1815,80.823153
1816,79.959901
1817,78.973967
1818,77.770384
1819,76.579018
1820,75.346444
1821,74.328553
1822,73.344316
1823,72.288035
1824,71.475473
1825,70.787644
1826,70.348124
1827,70.162041
1828,70.166865
1829,70.390176
1830,70.758693
1831,71.403623
1832,72.294255
1833,73.310866
1834,74.415802
1835,75.57699
1836,76.766989
1837,78.073205
1838,79.468603
1839,80.816145
1840,81.916388
1841,82.82361
1842,83.452539
1843,83.956062
1844,84.039419
1845,83.781833
1846,83.398733
1847,82.747159
1848,81.88651
1849,80.813376
1850,79.540631
1851,78.304036
1852,77.326145
1853,76.338207
1854,75.384348
1855,74.484295
1856,73.726055
1857,73.092791
1858,72.682575
1859,72.480312
1860,72.494261
1861,72.733145
1862,73.131208
1863,73.681666
1864,74.431569
1865,75.230936
1866,76.175935
1867,77.250242
1868,78.386935
1869,79.535141
1870,80.739783
1871,82.022642
1872,83.128312
1873,84.043024
1874,84.811537
1875,85.352902
1876,85.633208
1877,85.623052
1878,85.34355
1879,84.875477
1880,84.134496
1881,83.292642
1882,82.375402
1883,81.384932
1884,80.345551
1885,79.338366
1886,78.354332
1887,77.451595
1888,76.719827
1889,76.098686
1890,75.614658
1891,75.314939
1892,75.189542
1893,75.254403
1894,75.504293
1895,75.866153
1896,76.350177
1897,76.979896
1898,77.694453
1899,78.537284
1900,79.599706
1901,80.770701
1902,81.885873
1903,82.923997
1904,83.846371
1905,84.753127
1906,85.558009
1907,86.323319
1908,86.917411
1909,87.273802
1910,87.346528
1911,87.241259
1912,86.951913
1913,86.497343
1914,85.906102
1915,85.160079
1916,84.312333
1917,83.49257
1918,82.628445
1919,81.89809
1920,81.198194
1921,80.537121
1922,80.005961
1923,79.541888
1924,79.255633
1925,79.102289
1926,79.090188
1927,79.228736
1928,79.522819
1929,79.94751
1930,80.51147
1931,81.181169
1932,81.877768
1933,82.648701
1934,83.436167
1935,84.270149
1936,85.127394
1937,85.969041
1938,86.683481
1939,87.343804
1940,87.919724
1941,88.331966
1942,88.606136
1943,88.723959
1944,88.67709
1945,88.423478
1946,88.068683
1947,87.604369
1948,86.976663
1949,86.237989
1950,85.567611
1951,84.797721
1952,84.036726
1953,83.387395
1954,82.79909
1955,82.249637
1956,81.836023
1957,81.534334
1958,81.3605
1959,81.318158
1960,81.414326
1961,81.648948
1962,82.013509
1963,82.479937
1964,83.040994
1965,83.738124
1966,84.50727
1967,85.261352
1968,86.059904
1969,86.864393
1970,87.660513
1971,88.356002
1972,88.940566
1973,89.450431
1974,89.857522
1975,90.092743
1976,90.181295
1977,90.123637
1978,89.89068
1979,89.507629
1980,88.986294
1981,88.34014
1982,87.573801
1983,86.735625
1984,85.873473
1985,84.992211
1986,84.123082
1987,83.294684
1988,82.543228
1989,81.878039
1990,81.309648
1991,80.85708
1992,80.561408
1993,80.403957
1994,80.406465
1995,80.568433
1996,80.879079
1997,81.338618
1998,81.92981
1999,82.638911
2000,83.492709
2001,84.429476
2002,85.420299
2003,86.490147
2004,87.536391
2005,88.551353
2006,89.537532
2007,90.418289
2008,91.158271
2009,91.742695
2010,92.150163
2011,92.370401
2012,92.375933
2013,92.161157
2014,91.734809
2015,91.115901
2016,90.294999
2017,89.300957
2018,88.213822
2019,87.01966
2020,85.755739
2021,84.443538
2022,83.116775
2023,81.83123
2024,80.626321
2025,79.539766
2026,78.521972
2027,77.622159
2028,76.90172
2029,76.342909
2030,75.966202
2031,75.723343
2032,75.659017
2033,75.808172
2034,76.138028
2035,76.612474
2036,77.253755
2037,78.063154
2038,79.014461
2039,80.12301
2040,81.319104
2041,82.606262
2042,83.983016
2043,85.336908
2044,86.652684
2045,87.940719
2046,89.172828
2047,90.247695
2048,91.146288
2049,91.835334
2050,92.309958
2051,92.586657
2052,92.62108
2053,92.359345
2054,91.809251
2055,91.062291
2056,90.126102
2057,89.024751
2058,87.820748
2059,86.45972
2060,84.987532
2061,83.573818
2062,82.145943
2063,80.764433
2064,79.428813
2065,78.172162
2066,77.018656
2067,76.017752
2068,75.178843
2069,74.49303
2070,73.955421
2071,73.575625
2072,73.38917
2073,73.385395
2074,73.539892
2075,73.862908
2076,74.368445
2077,75.031952
2078,75.819926
2079,76.750005
2080,77.831777
2081,78.985952
2082,80.251267
2083,81.560404
2084,82.842336
2085,84.163658
2086,85.471422
2087,86.68451
2088,87.828212
2089,88.778206
2090,89.585845
2091,90.204102
2092,90.634775
2093,90.860941
2094,90.870998
2095,90.63993
2096,90.173744
2097,89.535444
2098,88.745359
2099,87.815819
2100,86.671976
2101,85.487394
2102,84.244532
2103,82.990807
2104,81.753224
2105,80.462015
2106,79.213095
2107,78.09793
2108,77.087637
2109,76.221942
2110,75.398497
2111,74.734777
2112,74.227685
2113,73.897361
2114,73.680274
2115,73.598427
2116,73.669151
2117,73.889929
2118,74.259758
2119,74.72781
2120,75.340186
2121,76.051578
2122,76.877457
2123,77.767092
2124,78.714005
2125,79.732545
2126,80.762468
2127,81.786615
2128,82.820817
2129,83.812371
2130,84.765664
2131,85.619305
2132,86.390526
2133,87.011052
2134,87.494321
2135,87.860911
2136,88.044933
2137,88.088236
2138,87.949966
2139,87.6749
2140,87.239037
2141,86.727376
2142,86.053516
2143,85.28488
2144,84.387256
2145,83.517391
2146,82.6205
2147,81.738034
2148,80.852316
2149,79.984239
2150,79.147731
2151,78.409228
2152,77.756742
2153,77.206281
2154,76.691389
2155,76.316531
2156,76.036911
2157,75.907497
2158,75.869572
2159,75.900129
2160,76.034931
2161,76.268557
2162,76.624542
2163,77.071649
2164,77.528236
2165,78.076973
2166,78.700547
2167,79.350842
2168,80.04562
2169,80.738784
2170,81.439114
2171,82.124654
2172,82.740745
2173,83.341992
2174,83.870446
2175,84.301806
2176,84.669296
2177,84.937178
2178,85.096946
2179,85.196461
2180,85.169217
2181,85.07305833
2182,84.8568
2183,84.58816899
2184,84.28341632
2185,83.86022399
2186,83.47623698
2187,83.05306631
2188,82.59375897
2189,82.21574396
2190,81.84705128
2191,81.49030294
2192,81.16080493
2193,80.96895825
2194,80.8255349
2195,80.80493489
2196,80.78218021
2197,80.92103386
2198,81.19970384
2199,81.57456115
2200,82.0538088
2200.9,82.46266292
2201.71,82.87151704
2202.51,83.27967115
2203.32,83.68252527
2204.12,84.06937939
2204.92,84.4286335
2205.73,84.76458762
2206.53,85.08094173
2207.33,85.34819585
2208.14,85.57304997
2208.94,85.75240408
2209.74,85.8758582
2210.55,85.94321232
2211.35,85.97176643
2212.15,85.95942055
2212.96,85.88327467
2213.76,85.74742878
2214.56,85.5547829
2215.37,85.29603702
2216.17,84.99559113
2216.98,84.66364525
2217.78,84.28529937
2218.58,83.87235348
2219.39,83.4399076
2220.19,82.97866172
2220.99,82.47441583
2221.8,81.97606995
2222.6,81.48312406
2223.4,80.96267818
2224.21,80.4558323
2225.01,79.96258641
2225.81,79.49364053
2226.62,79.04489465
2227.42,78.60334876
2228.22,78.19470288
2229.03,77.825457
2229.83,77.49251111
2230.64,77.20306523
2231.44,76.94271935
2232.24,76.71667346
2233.05,76.55242758
2233.85,76.4344817
2234.65,76.34673581
2235.46,76.30928993
2236.26,76.31954404
2237.06,76.37879816
2237.87,76.46765228
2238.67,76.59220639
2239.47,76.76576051
2240.28,76.99121463
2241.08,77.26546874
2241.89,77.56512286
2242.69,77.87597698
2243.49,78.20533109
2244.3,78.55098521
2245.1,78.91883933
2245.9,79.31889344
2246.71,79.72664756
2247.51,80.12770168
2248.31,80.53425579
2249.12,80.92900991
2249.92,81.29636402
2250.72,81.65231814
2251.53,82.00437226
2252.33,82.32462637
2253.13,82.59638049
2253.94,82.83903461
2254.74,83.05728872
2255.55,83.22434284
2256.35,83.33859696
2257.15,83.40875107
2257.96,83.42150519
2258.76,83.39695931
2259.56,83.33591342
2260.37,83.21446754
2261.17,83.03912166
2261.97,82.82627577
2262.78,82.57422989
2263.58,82.28158401
2264.38,81.94903812
2265.19,81.57919224
2265.99,81.19194635
2266.8,80.79330047
2267.6,80.36205459
2268.4,79.9149087
2269.21,79.47146282
2270.01,79.02591694
2270.81,78.58107105
2271.62,78.15902517
2272.42,77.73637929
2273.22,77.3182334
2274.03,76.92248752
2274.83,76.54514164
2275.63,76.20029575
2276.44,75.88194987
2277.24,75.59450399
2278.04,75.3480581
2278.85,75.13261222
2279.65,74.95026633
2280.46,74.80392045
2281.26,74.70247457
2282.06,74.64382868
2282.87,74.6163828
2283.67,74.63633692
2284.47,74.69749103
2285.28,74.79564515
2286.08,74.92539927
2286.88,75.09155338
2287.69,75.2957075
2288.49,75.52696162
2289.29,75.78821573
2290.1,76.06896985
2290.9,76.36472397
2291.7,76.69177808
2292.51,77.0382322
2293.31,77.39238632
2294.12,77.75634043
2294.92,78.12739455
2295.72,78.50664866
2296.53,78.89200278
2297.33,79.2570569
2298.13,79.60241101
2298.94,79.93746513
2299.74,80.24381925
2300.54,80.52547336
2301.35,80.79432748
2302.15,81.0366816
2302.95,81.23653571
2303.76,81.40528983
2304.56,81.53314395
2305.37,81.61039806
2306.17,81.65615218
2306.97,81.6628063
2307.78,81.63086041
2308.58,81.55961453
2309.38,81.44446864
2310.19,81.28342276
2310.99,81.09017688
2311.79,80.85983099
2312.6,80.60298511
2313.4,80.32343923
2314.2,80.01779334
2315.01,79.69144746
2315.81,79.34340158
2316.61,78.97835569
2317.42,78.59750981
2318.22,78.22296393
2319.03,77.85681804
2319.83,77.48167216
2320.63,77.10632628
2321.44,76.74798039
2322.24,76.40993451
2323.04,76.08528863
2323.85,75.77274274
2324.65,75.47909686
2325.45,75.21285097
2326.26,74.98510509
2327.06,74.78305921
2327.86,74.59661332
2328.67,74.44976744
2329.47,74.34472156
2330.27,74.26387567
2331.08,74.20572979
2331.88,74.18618391
2332.69,74.20433802
2333.49,74.27139214
2334.29,74.36094626
2335.1,74.47730037
2335.9,74.62295449
2336.7,74.79980861
2337.51,75.01016272
2338.31,75.24111684
2339.11,75.48767095
2339.92,75.75862507
2340.72,76.05167919
2341.52,76.3602333
2342.33,76.67408742
2343.13,76.99684154
2343.94,77.32659565
2344.74,77.65764977
2345.54,77.98630389
2346.35,78.311758
2347.15,78.62171212
2347.95,78.91546624
2348.76,79.20562035
2349.56,79.47857447
2350.36,79.71422859
2351.17,79.9222827
2351.97,80.10613682
2352.77,80.26959094
2353.58,80.38794505
2354.38,80.47329917
2355.18,80.52805328
2355.99,80.5465074
2356.79,80.52686152
2357.6,80.47701563
2358.4,80.38066975
2359.2,80.24102387
2360.01,80.06637798
2360.81,79.8733321
2361.61,79.67716242
2362.42,79.45299273
2363.22,79.21432305
2364.02,78.95305336
2364.83,78.65948368
2365.63,78.35861399
2366.43,78.05164431
2367.24,77.73217462
2368.04,77.39240494
2368.85,77.04793526
2369.65,76.71346557
2370.45,76.38399589
2371.26,76.0681262
2372.06,75.76475652
2372.86,75.46768683
2373.67,75.18621715
2374.47,74.93344746
2375.27,74.69077778
2376.08,74.46360809
2376.88,74.27303841
2377.68,74.11906873
2378.49,73.99639904
2379.29,73.89292936
2380.09,73.81915967
2380.9,73.77868999
2381.7,73.7685203
2382.51,73.78935062
2383.31,73.84728093
2384.11,73.94121125
2384.92,74.06394157
2385.72,74.20817188
2386.52,74.3845022
2387.33,74.59283251
2388.13,74.83726283
2388.93,75.10439314
2389.74,75.39232346
2390.54,75.69975377
2391.34,76.02718409
2392.15,76.3748144
2392.95,76.73624472
2393.75,77.11477504
2394.56,77.50470535
2395.36,77.89573567
2396.17,78.29016598
2396.97,78.6894963
2397.77,79.07722661
2398.58,79.45425693
2399.38,79.82848724
2400.18,80.18981756
2400.99,80.52994788
2401.79,80.85267819
2402.59,81.15700851
2403.4,81.44083882
2404.2,81.68976914
2405,81.90879945
2405.81,82.09182977
2406.61,82.23896008
2407.42,82.3579904
2408.22,82.43132071
2409.02,82.47335103
2409.83,82.48518135
2410.63,82.45851166
2411.43,82.38604198
2412.24,82.27957229
2413.04,82.14780261
2413.84,81.98633292
2414.65,81.79376324
2415.45,81.56749355
2416.25,81.31562387
2417.06,81.03825419
2417.86,80.7480845
2418.66,80.44521482
2419.47,80.13024513
2420.27,79.80567545
2421.08,79.47280576
2421.88,79.13463608
2422.68,78.78946639
2423.49,78.45029671
2424.29,78.12092702
2425.09,77.80355734
2425.9,77.50148766
2426.7,77.21501797
2427.5,76.94224829
2428.31,76.6900786
2429.11,76.46070892
2429.91,76.24553923
2430.72,76.05516955
2431.52,75.89609986
2432.32,75.76833018
2433.13,75.6671605
2433.93,75.58959081
2434.74,75.55112113
2435.54,75.54615144
2436.34,75.56428176
2437.15,75.60541207
2437.95,75.67934239
2438.75,75.7995727
2439.56,75.94820302
2440.36,76.11303333
2441.16,76.30056365
2441.97,76.51639397
2442.77,76.77142428
2443.57,77.0567546
2444.38,77.35518491
2445.18,77.66471523
2445.99,77.99954554
2446.79,78.35097586
2447.59,78.69930617
2448.4,79.05753649
2449.2,79.43516681
2450,79.81899712
2450.81,80.20332744
2451.61,80.59005775
2452.41,80.96578807
2453.22,81.33411838
2454.02,81.7021487
2454.82,82.06127901
2455.63,82.40260933
2456.43,82.72473964
2457.23,83.02316996
2458.04,83.29880028
2458.84,83.54793059
2459.65,83.76996091
2460.45,83.96419122
2461.25,84.12732154
2462.06,84.26645185
2462.86,84.37748217
2463.66,84.44811248
2464.47,84.4808428
2465.27,84.47297312
2466.07,84.42950343
2466.88,84.36033375
2467.68,84.26526406
2468.48,84.13899438
2469.29,83.97902469
2470.09,83.79395501
2470.89,83.58938532
2471.7,83.36821564
2472.5,83.11994595
2473.31,82.83817627
2474.11,82.54440659
2474.91,82.2467369
2475.72,81.94236722
2476.52,81.64289753
2477.32,81.34632785
2478.13,81.04335816
2478.93,80.73748848
2479.73,80.43501879
2480.54,80.13454911
2481.34,79.83827943
2482.14,79.55640974
2482.95,79.30564006
2483.75,79.08607037
2484.56,78.86520069
2485.36,78.646631
2486.16,78.46356132
2486.97,78.31689163
2487.77,78.19562195
2488.57,78.08615226
2489.38,78.00228258
2490.18,77.9541129
2490.98,77.92314321
2491.79,77.91537353
2492.59,77.94410384
2493.39,78.00273416
2494.2,78.10186447
2495,78.22859479
2495.8,78.3577251
2496.61,78.50525542
2497.41,78.68528574
2498.22,78.89101605
2499.02,79.12134637
2499.82,79.37457668
2500.63,79.649807
2501.43,79.95093731
2502.23,80.27626763
2503.04,80.60829794
2503.84,80.93092826
2504.64,81.25925857
2505.45,81.61588889
2506.25,81.97681921
2507.05,82.30854952
2507.86,82.64167984
2508.66,82.99431015
2509.47,83.34434047
2510.27,83.67607078
2511.07,83.9961011
2511.88,84.29823141
2512.68,84.57886173
2513.48,84.84569205
2514.29,85.11052236
2515.09,85.36475268
2515.89,85.57518299
2516.7,85.74291331
2517.5,85.88714362
2518.3,86.00067394
2519.11,86.09210425
2519.91,86.14683457
2520.71,86.15626488
2521.52,86.1502952
2522.32,86.13362552
2523.13,86.10705583
2523.93,86.06048615
2524.73,85.93691646
2525.54,85.77164678
2526.34,85.60397709
2527.14,85.41540741
2527.95,85.18793772
2528.75,84.94976804
2529.55,84.71639836
2530.36,84.48952867
2531.16,84.28015899
2531.96,84.0388893
2532.77,83.72851962
2533.57,83.37644993
2534.37,83.04458025
2535.18,82.81341056
2535.98,82.58654088
2536.79,82.23767119
2537.59,81.87220151
2538.39,81.59993183
2539.2,81.34966214
2540,81.09849246
2540.8,80.88952277
2541.61,80.74535309
2542.41,80.6465834
2543.21,80.52431372
2544.02,80.36744403
2544.82,80.21617435
2545.62,80.05650467
2546.43,79.96663498
2547.23,80.0033653
2548.04,80.07929561
2548.84,80.04122593
2549.64,79.99235624
2550.45,80.05018656
2551.25,80.16641687
2552.05,80.29644719
2552.86,80.4700775
2553.66,80.61100782
2554.46,80.70363814
2555.27,80.85636845
2556.07,81.06759877
2556.87,81.31752908
2557.68,81.6026594
2558.48,81.91408971
2559.28,82.27412003
2560.09,82.72925034
2560.89,83.25768066
2561.7,83.70261098
2562.5,84.04484129
2563.3,84.34747161
2564.11,84.65750192
2564.91,85.00583224
2565.71,85.25586255
2566.52,85.45119287
2567.32,85.75192318
2568.12,86.1482535
2568.93,86.58668381
2569.73,86.99641413
2570.53,87.19344445
2571.34,87.28337476
2572.14,87.46100508
2572.94,87.77933539
2573.75,88.11236571
2574.55,88.26319602
2575.36,88.31832634
2576.16,88.43525665
2576.96,88.53068697
2577.77,88.42251729
2578.57,88.2598476
2579.37,88.20507792
2580.18,88.23440823
2580.98,88.27063855
2581.78,88.12566886
2582.59,87.98119918
2583.39,87.97862949
2584.19,87.73295981
2585,87.11929012
2585.8,86.77682044
2586.61,86.63395076
2587.41,86.41578107
2588.21,85.98021139
2589.02,85.5272417
2589.82,84.98647202
2590.62,84.46260233
2591.43,84.10883265
2592.23,83.85436296
2593.03,83.60329328
2593.84,83.4241236
2594.64,83.26985391
2595.44,82.68138423
2596.25,81.89381454
2597.05,81.33834486
2597.85,80.88877517
2598.66,80.45180549
2599.46,80.1078358
2600.27,79.88246612
2601.07,79.71829643
2601.87,79.48102675
2602.68,79.25505707
2603.48,79.17278738
2604.28,79.1180177
2605.09,78.98424801
2605.89,78.72777833
2606.69,78.51530864
2607.5,78.37283896
2608.3,78.22666927
2609.1,78.16749959
2609.91,78.17572991
2610.71,78.16086022
2611.52,78.19329054
2612.32,78.33802085
2613.12,78.55085117
2613.93,78.72268148
2614.73,78.8969118
2615.53,79.16074211
2616.34,79.58497243
2617.14,80.16520274
2617.94,80.47543306
2618.75,80.58506338
2619.55,80.81429369
2620.35,81.28892401
2621.16,81.74135432
2621.96,81.98308464
2622.76,82.25291495
2623.57,82.63794527
2624.37,83.09817558
2625.18,83.5873059
2625.98,84.14863622
2626.78,84.86636653
2627.59,85.44449685
2628.39,85.77532716
2629.19,86.21915748
2630,86.91468779
2630.8,87.66851811
2631.6,87.95404842
2632.41,88.11557874
2633.21,88.42930905
2634.01,88.80553937
2634.82,89.04256969
2635.62,89.1879
2636.42,89.38033032
2637.23,89.59306063
2638.03,89.78159095
2638.84,89.93592126
2639.64,90.05415158
2640.44,90.15208189
2641.25,90.24311221
2642.05,90.26124253
2642.85,90.12667284
2643.66,89.93450316
2644.46,89.81773347
2645.26,89.73426379
2646.07,89.5062941
2646.87,89.08282442
2647.67,88.64215473
2648.48,88.22998505
2649.28,87.80921536
2650.09,87.39364568
2650.89,87.034176
2651.69,86.74150631
2652.5,86.27613663
2653.3,85.53446694
2654.1,84.93439726
2654.91,84.46662757
2655.71,83.83935789
2656.51,83.0950882
2657.32,82.48851852
2658.12,81.99194884
2658.92,81.57877915
2659.73,81.07800947
2660.53,80.38573978
2661.33,79.7836701
2662.14,79.21890041
2662.94,78.69033073
2663.75,78.36156104
2664.55,78.17459136
2665.35,77.88632167
2666.16,77.41115199
2666.96,76.81478231
2667.76,76.16331262
2668.57,75.75984294
2669.37,75.57907325
2670.17,75.37480357
2670.98,74.77153388
2671.78,74.3590642
2672.58,74.20389451
2673.39,74.07502483
2674.19,73.97625515
2674.99,73.95918546
2675.8,74.04921578
2676.6,74.21004609
2677.41,74.21097641
2678.21,74.00750672
2679.01,73.85053704
2679.82,73.73896735
2680.62,73.62319767
2681.42,73.56322798
2682.23,73.5984583
2683.03,73.69858862
2683.83,73.72641893
2684.64,73.61504925
2685.44,73.50437956
2686.24,73.40650988
2687.05,73.18874019
2687.85,72.93067051
2688.66,72.69320082
2689.46,72.39003114
2690.26,72.07366146
2691.07,71.83529177
2691.87,71.66402209
2692.67,71.5944524
2693.48,71.61638272
2694.28,71.56711303
2695.08,71.35464335
2695.89,71.00277366
2696.69,70.56580398
2697.49,70.22363429
2698.3,69.97096461
2699.1,69.74469493
2699.9,69.55842524
2700.71,69.39275556
2701.51,69.09818587
2702.32,68.72991619
2703.12,68.4579465
2703.92,68.23697682
2704.73,68.02390713
2705.53,67.80053745
2706.33,67.56426777
2707.14,67.35279808
2707.94,67.2198284
2708.74,67.13505871
2709.55,66.97048903
2710.35,66.67001934
2711.15,66.22144966
2711.96,65.69197997
2712.76,65.28231029
2713.57,64.9503406
2714.37,64.59127092
2715.17,64.22070124
2715.98,63.89653155
2716.78,63.62736187
2717.58,63.33949218
2718.39,63.0131225
2719.19,62.78275281
2719.99,62.64448313
2720.8,62.14681344
2721.6,61.27944376
2722.4,60.79287408
2723.21,60.57890439
2724.01,60.37553471
2724.81,59.94006502
2725.62,59.25469534
2726.42,58.65022565
2727.23,58.20245597
2728.03,57.82088628
2728.83,57.4453166
2729.64,57.07744691
2730.44,56.73137723
2731.24,56.41170755
2732.05,56.10723786
2732.85,55.82296818
2733.65,55.60049849
2734.46,55.40332881
2735.26,55.11915912
2736.06,54.80538944
2736.87,54.60461975
2737.67,54.52375007
2738.47,54.55538039
2739.28,54.6749107
2740.08,54.69044102
2740.89,54.54847133
2741.69,54.33680165
2742.49,54.08863196
2743.3,53.91686228
2744.1,53.86689259
2744.9,53.91312291
2745.71,54.00425322
2746.51,54.09338354
2747.31,54.20361386
2748.12,54.37654417
2748.92,54.59117449
2749.72,54.8094048
2750.53,55.05123512
2751.33,55.36906543
2752.14,55.74339575
2752.94,56.07902606
2753.74,56.38055638
2754.55,56.7608867
2755.35,57.38561701
2756.15,58.04784733
2756.96,58.39177764
2757.76,58.67500796
2758.56,59.02513827
2759.37,59.43546859
2760.17,59.8948989
2760.97,60.38782922
2761.78,60.92635953
2762.58,61.57028985
2763.38,62.29562017
2764.19,62.92605048
2764.99,63.4165808
2765.8,63.89881111
2766.6,64.48154143
2767.4,65.14467174
2768.21,65.81710206
2769.01,66.41013237
2769.81,66.96406269
2770.62,67.66549301
2771.42,68.48302332
2772.22,69.19905364
2773.03,69.76588395
2773.83,70.24141427
2774.63,70.73214458
2775.44,71.2984749
2776.24,71.91820521
2777.04,72.54833553
2777.85,73.11926584
2778.65,73.57979616
2779.46,73.95942648
2780.26,74.33015679
2781.06,74.75268711
2781.87,75.17221742
2782.67,75.47314774
2783.47,75.66167805
2784.28,75.80020837
2785.08,75.94683868
2785.88,76.147269
2786.69,76.40289932
2787.49,76.59852963
2788.29,76.57955995
2789.1,76.41749026
2789.9,76.26412058
2790.71,76.12995089
2791.51,75.98268121
2792.31,75.82731152
2793.12,75.65544184
2793.92,75.44207215
2794.72,75.20880247
2795.53,74.96873279
2796.33,74.7088631
2797.13,74.42379342
2797.94,74.10352373
2798.74,73.76015405
2799.54,73.43488436
2800.35,73.15061468
2801.15,72.91534499
2801.95,72.72487531
2802.76,72.52050563
2803.56,72.17143594
2804.37,71.64416626
2805.17,71.13409657
2805.97,70.73352689
2806.78,70.3747572
2807.58,70.03378752
2808.38,69.70881783
2809.19,69.37274815
2809.99,69.04547846
2810.79,68.75650878
2811.6,68.4942391
2812.4,68.25846941
2813.2,68.06709973
2814.01,67.91473004
2814.81,67.76156036
2815.61,67.57529067
2816.42,67.38832099
2817.22,67.2591513
2818.03,67.20388162
2818.83,67.19641194
2819.63,67.20124225
2820.44,67.20097257
2821.24,67.18590288
2822.04,67.1533332
2822.85,67.13016351
2823.65,67.14799383
2824.45,67.21872414
2825.26,67.33565446
2826.06,67.49208477
2826.86,67.69091509
2827.67,67.91834541
2828.47,68.13667572
2829.28,68.34170604
2830.08,68.57353635
2830.88,68.85666667
2831.69,69.18589698
2832.49,69.5479273
2833.29,69.93755761
2834.1,70.35288793
2834.9,70.77491825
2835.7,71.18004856
2836.51,71.57957888
2837.31,72.01340919
2838.11,72.49203951
2838.92,72.95766982
2839.72,73.37160014
2840.52,73.78573045
2841.33,74.25156077
2842.13,74.75379108
2842.94,75.2543214
2843.74,75.74535172
2844.54,76.23978203
2845.35,76.74811235
2846.15,77.26534266
2846.95,77.77917298
2847.76,78.28710329
2848.56,78.79813361
2849.36,79.30806392
2850.17,79.77579424
2850.97,80.18172456
2851.77,80.57315487
2852.58,80.99358519
2853.38,81.4431155
2854.19,81.89124582
2854.99,82.27907613
2855.79,82.56550645
2856.6,82.78203676
2857.4,82.98526708
2858.2,83.19639739
2859.01,83.40752771
2859.81,83.59785803
2860.61,83.74258834
2861.42,83.83621866
2862.22,83.89504897
2863.02,83.93167929
2863.83,83.9451096
2864.63,83.93243992
2865.43,83.89987023
2866.24,83.84710055
2867.04,83.75413087
2867.85,83.60946118
2868.65,83.4268915
2869.45,83.22382181
2870.26,83.01525213
2871.06,82.80218244
2871.86,82.55851276
2872.67,82.26454307
2873.47,81.93157339
2874.27,81.5806037
2875.08,81.22583402
2875.88,80.87826434
2876.68,80.53989465
2877.49,80.19082497
2878.29,79.80965528
2879.09,79.4092856
2879.9,79.01561591
2880.7,78.63444623
2881.51,78.25857654
2882.31,77.88780686
2883.11,77.52683718
2883.92,77.16516749
2884.72,76.78949781
2885.52,76.41432812
2886.33,76.06605844
2887.13,75.74288875
2887.93,75.42101907
2888.74,75.09384938
2889.54,74.7792797
2890.34,74.48841001
2891.15,74.21544033
2891.95,73.95507065
2892.76,73.70960096
2893.56,73.48353128
2894.36,73.27836159
2895.17,73.09369191
2895.97,72.92882222
2896.77,72.78435254
2897.58,72.66258285
2898.38,72.56771317
2899.18,72.50834349
2899.99,72.4858738
2900.79,72.47270412
2901.59,72.43543443
2902.4,72.38936475
2903.2,72.37469506
2904,72.40442538
2904.81,72.46215569
2905.61,72.53058601
2906.42,72.61051632
2907.22,72.71144664
2908.02,72.83727696
2908.83,72.98480727
2909.63,73.14913759
2910.43,73.3263679
2911.24,73.51559822
2912.04,73.71732853
2912.84,73.93335885
2913.65,74.16688916
2914.45,74.41671948
2915.25,74.6767498
2916.06,74.94328011
2916.86,75.21711043
2917.66,75.49674074
2918.47,75.78097106
2919.27,76.07300137
2920.08,76.37583169
2920.88,76.689962
2921.68,77.01719232
2922.49,77.35692263
2923.29,77.69725295
2924.09,78.01678327
2924.9,78.30611358
2925.7,78.5818439
2926.5,78.86457421
2927.31,79.15630453
2928.11,79.44833484
2928.91,79.73376516
2929.72,80.00799547
2930.52,80.26812579
2931.33,80.51405611
2932.13,80.74828642
2932.93,80.97021674
2933.74,81.17664705
2934.54,81.36627737
2935.34,81.54010768
2936.15,81.696938
2936.95,81.83586831
2937.75,81.95779863
2938.56,82.06032894
2939.36,82.14045926
2940.16,82.19758958
2940.97,82.23361989
2941.77,82.25355021
2942.57,82.26088052
2943.38,82.24941084
2944.18,82.20944115
2944.99,82.14357147
2945.79,82.06550178
2946.59,81.9801321
2947.4,81.87426242
2948.2,81.73379273
2949,81.56272305
2949.81,81.37735336
2950.61,81.18758368
2951.41,80.99461399
2952.22,80.79684431
2953.02,80.59157462
2953.82,80.37320494
2954.63,80.13513525
2955.43,79.88106557
2956.24,79.62139589
2957.04,79.3626262
2957.84,79.10385652
2958.65,78.84188683
2959.45,78.57671715
2960.25,78.31144746
2961.06,78.04757778
2961.86,77.78330809
2962.66,77.51683841
2963.47,77.24946873
2964.27,76.98549904
2965.07,76.72992936
2965.88,76.48605967
2966.68,76.25378999
2967.48,76.0315203
2968.29,75.81845062
2969.09,75.61408093
2969.9,75.41661125
2970.7,75.22564156
2971.5,75.03927188
2972.31,74.8588022
2973.11,74.69133251
2973.91,74.54166283
2974.72,74.40799314
2975.52,74.28742346
2976.32,74.17865377
2977.13,74.08198409
2977.93,74.0002144
2978.73,73.93604472
2979.54,73.88597504
2980.34,73.84450535
2981.14,73.81403567
2981.95,73.80186598
2982.75,73.8099963
2983.56,73.83482661
2984.36,73.87055693
2985.16,73.91228724
2985.97,73.96161756
2986.77,74.02294787
2987.57,74.09957819
2988.38,74.19290851
2989.18,74.30233882
2989.98,74.42486914
2990.79,74.55709945
2991.59,74.69812977
2992.39,74.84866008
2993.2,75.0087904
2994,75.17732071
2994.81,75.35355103
2995.61,75.53928135
2996.41,75.73351166
2997.22,75.92734198
2998.02,76.11617229
2998.82,76.30640261
2999.63,76.50533292
3000.43,76.71216324
3001.23,76.92229355
3002.04,77.13292387
3002.84,77.34405418
3003.64,77.5567845
3004.45,77.77301482
3005.25,77.99234513
3006.05,78.20877545
3006.86,78.41320576
3007.66,78.60453608
3008.47,78.78506639
3009.27,78.95699671
3010.07,79.12202702
3010.88,79.28215734
3011.68,79.43758766
3012.48,79.58591797
3013.29,79.72274829
3014.09,79.8454786
3014.89,79.95530892
3015.7,80.05483923
3016.5,80.14486955
3017.3,80.22549986
3018.11,80.29453018
3018.91,80.34886049
3019.71,80.38849081
3020.52,80.41552113
3021.32,80.42985144
3022.13,80.42658176
3022.93,80.40061207
3023.73,80.35274239
3024.54,80.2904727
3025.34,80.21910302
3026.14,80.13623333
3026.95,80.03946365
3027.75,79.92929397
3028.55,79.80742428
3029.36,79.6743546
3030.16,79.53128491
3030.96,79.38131523
3031.77,79.22654554
3032.57,79.06467586
3033.38,78.89150617
3034.18,78.70653649
3034.98,78.5131668
3035.79,78.31479712
3036.59,78.11242744
3037.39,77.90465775
3038.2,77.68958807
3039,77.46781838
3039.8,77.2423487
3040.61,77.01607901
3041.41,76.79100933
3042.21,76.57033964
3043.02,76.35576996
3043.82,76.14360028
3044.62,75.93153059
3045.43,75.72056091
3046.23,75.51449122
3047.04,75.31632154
3047.84,75.12575185
3048.64,74.93958217
3049.45,74.75601248
3050.25,74.5818428
3051.05,74.42477311
3051.86,74.27740343
3052.66,74.13353375
3053.46,73.99516406
3054.27,73.86539438
3055.07,73.74432469
3055.87,73.63055501
3056.68,73.52458532
3057.48,73.42811564
3058.28,73.34294595
3059.09,73.27047627
3059.89,73.21110659
3060.7,73.1640369
3061.5,73.12806722
3062.3,73.10299753
3063.11,73.08932785
3063.91,73.08845816
3064.71,73.10248848
3065.52,73.13391879
3066.32,73.17844911
3067.12,73.23157942
3067.93,73.29210974
3068.73,73.36404006
3069.53,73.45167037
3070.34,73.55600069
3071.14,73.672731
3071.95,73.79636132
3072.75,73.92229163
3073.55,74.05012195
3074.36,74.18535226
3075.16,74.33258258
3075.96,74.4920129
3076.77,74.66074321
3077.57,74.83647353
3078.37,75.02000384
3079.18,75.21473416
3079.98,75.42006447
3080.78,75.63159479
3081.59,75.8427251
3082.39,76.04805542
3083.19,76.24818573
3084,76.44871605
3084.8,76.65574637
3085.61,76.87027668
3086.41,77.088607
3087.21,77.30693731
3088.02,77.52396763
3088.82,77.74039794
3089.62,77.95562826
3090.43,78.16745857
3091.23,78.37208889
3092.03,78.56871921
3092.84,78.75764952
3093.64,78.93677984
3094.44,79.10631015
3095.25,79.26804047
3096.05,79.42327078
3096.86,79.5714011
3097.66,79.71083141
3098.46,79.83856173
3099.27,79.95289204
3100.07,80.05212236
3100.87,80.13765268
3101.68,80.21238299
3102.48,80.27901331
3103.28,80.33764362
3104.09,80.38497394
3104.89,80.41790425
3105.69,80.43383457
3106.5,80.42936488
3107.3,80.4058952
3108.1,80.36832552
3108.91,80.32265583
3109.71,80.27198615
3110.52,80.21081646
3111.32,80.13034678
3112.12,80.02877709
3112.93,79.91230741
3113.73,79.78833772
3114.53,79.65926804
3115.34,79.51969835
3116.14,79.36212867
3116.94,79.19465899
3117.75,79.0206893
3118.55,78.83901962
3119.35,78.64784993
3120.16,78.44628025
3120.96,78.23581056
3121.76,78.01774088
3122.57,77.79517119
3123.37,77.57000151
3124.18,77.34443183
3124.98,77.11996214
3125.78,76.89649246
3126.59,76.67042277
3127.39,76.43445309
3128.19,76.1926834
3129,75.95081372
3129.8,75.71164403
3130.6,75.47557435
3131.41,75.24200466
3132.21,75.01143498
3133.01,74.7868653
3133.82,74.56899561
3134.62,74.35722593
3135.43,74.15045624
3136.23,73.94818656
3137.03,73.75081687
3137.84,73.56324719
3138.64,73.3861775
3139.44,73.21660782
3140.25,73.05323814
3141.05,72.89606845
3141.85,72.74679877
3142.66,72.60732908
3143.46,72.4798594
3144.26,72.36548971
3145.07,72.26462003
3145.87,72.17475034
3146.67,72.09228066
3147.48,72.01411097
3148.28,71.94484129
3149.09,71.88717161
3149.89,71.84180192
3150.69,71.80933224
3151.5,71.78986255
3152.3,71.78369287
3153.1,71.79222318
3153.91,71.8120535
3154.71,71.84188381
3155.51,71.88161413
3156.32,71.93124445
3157.12,71.99117476
3157.92,72.06470508
3158.73,72.15283539
3159.53,72.25266571
3160.33,72.36199602
3161.14,72.47912634
3161.94,72.60375665
3162.75,72.73838697
3163.55,72.88331728
3164.35,73.0358476
3165.16,73.19557792
3165.96,73.36350823
3166.76,73.54193855
3167.57,73.73356886
3168.37,73.93519918
3169.17,74.14392949
3169.98,74.35875981
3170.78,74.57889012
3171.58,74.80322044
3172.39,75.03145076
3173.19,75.26108107
3174,75.49011139
3174.8,75.7192417
3175.6,75.95057202
3176.41,76.18720233
3177.21,76.42993265
3178.01,76.67336296
3178.82,76.91579328
3179.62,77.15652359
3180.42,77.39525391
3181.23,77.63118423
3182.03,77.86391454
3182.83,78.09544486
3183.64,78.32477517
3184.44,78.54950549
3185.24,78.7662358
3186.05,78.97166612
3186.85,79.16929643
3187.66,79.36082675
3188.46,79.54595707
3189.26,79.72488738
3190.07,79.8990177
3190.87,80.06654801
3191.67,80.22147833
3192.48,80.35930864
3193.28,80.48013896
3194.08,80.58676927
3194.89,80.68239959
3195.69,80.7683299
3196.49,80.84616022
3197.3,80.91489054
3198.1,80.97262085
3198.91,81.01545117
3199.71,81.04068148
3200.51,81.0561118
3201.32,81.06074211
3202.12,81.05097243
3202.92,81.02170274
3203.73,80.97003306
3204.53,80.91066338
3205.33,80.84619369
3206.14,80.77402401
3206.94,80.68975432
3207.74,80.58848464
3208.55,80.47371495
3209.35,80.34694527
3210.15,80.20707558
3210.96,80.0546059
3211.76,79.89233621
3212.57,79.72406653
3213.37,79.55129685
3214.17,79.37442716
3214.98,79.19365748
3215.78,79.00898779
3216.58,78.81571811
3217.39,78.61394842
3218.19,78.40507874
3218.99,78.19110905
3219.8,77.97443937
3220.6,77.75916969
3221.4,77.5475
3222.21,77.33843032
3223.01,77.13046063
3223.81,76.92139095
3224.62,76.70842126
3225.42,76.49035158
3226.23,76.26928189
3227.03,76.04891221
3227.83,75.83464252
3228.64,75.63437284
3229.44,75.44030316
3230.24,75.24763347
3231.05,75.05506379
3231.85,74.8633941
3232.65,74.67782442
3233.46,74.50105473
3234.26,74.33458505
3235.06,74.17861536
3235.87,74.03184568
3236.67,73.892276
3237.48,73.75840631
3238.28,73.63173663
3239.08,73.51346694
3239.89,73.40379726
3240.69,73.30492757
3241.49,73.21485789
3242.3,73.1340882
3243.1,73.06271852
3243.9,73.00134883
3244.71,72.95197915
3245.51,72.91220947
3246.31,72.88163978
3247.12,72.8594701
3247.92,72.84630041
3248.72,72.84203073
3249.53,72.84536104
3250.33,72.85699136
3251.14,72.87772167
3251.94,72.91255199
3252.74,72.95978231
3253.55,73.01671262
3254.35,73.08314294
3255.15,73.15877325
3255.96,73.24890357
3256.76,73.34853388
3257.56,73.4564642
3258.37,73.57219451
3259.17,73.69852483
3259.97,73.83825514
3260.78,73.98468546
3261.58,74.13551578
3262.38,74.28964609
3263.19,74.45037641
3263.99,74.61560672
3264.8,74.78393704
3265.6,74.95666735
3266.4,75.13699767
3267.21,75.33072798
3268.01,75.5316583
3268.81,75.73838862
3269.62,75.95011893
3270.42,76.16934925
3271.22,76.39297956
3272.03,76.61440988
3272.83,76.83094019
3273.63,77.04077051
3274.44,77.25150082
3275.24,77.46863114
3276.05,77.69066145
3276.85,77.91569177
3277.65,78.13952209
3278.46,78.3616524
3279.26,78.58228272
3280.06,78.80011303
3280.87,79.01284335
3281.67,79.21937366
3282.47,79.42460398
3283.28,79.62813429
3284.08,79.82866461
3284.88,80.01979493
3285.69,80.20332524
3286.49,80.38105556
3287.29,80.55298587
3288.1,80.71621619
3288.9,80.8667465
3289.71,81.00857682
3290.51,81.14270713
3291.31,81.27073745
3292.12,81.39196776
3292.92,81.50799808
3293.72,81.6179284
3294.53,81.72085871
3295.33,81.81168903
3296.13,81.88901934
3296.94,81.95464966
3297.74,82.00867997
3298.54,82.04921029
3299.35,82.0712406
3300.15,82.07887092
3300.96,82.07440124
3301.76,82.06103155
3302.56,82.04186187
3303.37,82.01819218
3304.17,81.9881225
3304.97,81.94995281
3305.78,81.89598313
3306.58,81.82981344
3307.38,81.75354376
3308.19,81.66867407
3308.99,81.57700439
3309.79,81.48103471
3310.6,81.37936502
3311.4,81.27099534
3312.2,81.15262565
3313.01,81.02745597
3313.81,80.89808628
3314.62,80.7644166
3315.42,80.62424691
3316.22,80.47527723
3317.03,80.32250755
3317.83,80.16773786
3318.63,80.01326818
3319.44,79.85579849
3320.24,79.69342881
3321.04,79.52595912
3321.85,79.35338944
3322.65,79.17691975
3323.45,79.00095007
3324.26,78.82728038
3325.06,78.6575107
3325.86,78.49384102
3326.67,78.33277133
3327.47,78.17340165
3328.28,78.01483196
3329.08,77.85626228
3329.88,77.69859259
3330.69,77.54272291
3331.49,77.38975322
3332.29,77.24458354
3333.1,77.10701386
3333.9,76.97694417
3334.7,76.85457449
3335.51,76.7405048
3336.31,76.63013512
3337.11,76.52306543
3337.92,76.41879575
3338.72,76.31812606
3339.53,76.22155638
3340.33,76.13108669
3341.13,76.04921701
3341.94,75.98164733
3342.74,75.92027764
3343.54,75.86460796
3344.35,75.81373827
3345.15,75.77246859
3345.95,75.7388989
3346.76,75.71302922
3347.56,75.69515953
3348.36,75.68668985
3349.17,75.68542017
3349.97,75.69165048
3350.77,75.7074808
3351.58,75.73501111
3352.38,75.77084143
3353.19,75.81417174
3353.99,75.86520206
3354.79,75.92023237
3355.6,75.97886269
3356.4,76.041793
3357.2,76.11352332
3358.01,76.19365364
3358.81,76.28008395
3359.61,76.37261427
3360.42,76.47464458
3361.22,76.5831749
3362.02,76.69590521
3362.83,76.81193553
3363.63,76.93326584
3364.43,77.05949616
3365.24,77.19052648
3366.04,77.32695679
3366.85,77.46918711
3367.65,77.61561742
3368.45,77.76644774
3369.26,77.92337805
3370.06,78.08580837
3370.86,78.25023868
3371.67,78.415969
3372.47,78.58189931
3373.27,78.74992963
3374.08,78.92085995
3374.88,79.09539026
3375.68,79.27342058
3376.49,79.45035089
3377.29,79.62528121
3378.1,79.79711152
3378.9,79.96544184
3379.7,80.13217215
3380.51,80.29700247
3381.31,80.45893279
3382.11,80.6179631
3382.92,80.77549342
3383.72,80.93212373
3384.52,81.08765405
3385.33,81.24038436
3386.13,81.38941468
3386.93,81.53324499
3387.74,81.66777531
3388.54,81.79620562
3389.34,81.91893594
3390.15,82.03576626
3390.95,82.14889657
3391.76,82.25762689
3392.56,82.3610572
3393.36,82.44978752
3394.17,82.52761783
3394.97,82.59704815
3395.77,82.65897846
3396.58,82.71370878
3397.38,82.7619391
3398.18,82.80286941
3398.99,82.83189973
3399.79,82.85103004
3400.59,82.86306036
3401.4,82.86819067
3402.2,82.86342099
3403,82.8514513
3403.81,82.83198162
3404.61,82.80241193
3405.42,82.76364225
3406.22,82.71857257
3407.02,82.66760288
3407.83,82.6082332
3408.63,82.54326351
3409.43,82.47209383
3410.24,82.39142414
3411.04,82.29925446
3411.84,82.20048477
3412.65,82.09591509
3413.45,81.98524541
3414.25,81.87147572
3415.06,81.75460604
3415.86,81.63403635
3416.67,81.50706667
3417.47,81.37429698
3418.27,81.2355273
3419.08,81.08805761
3419.88,80.93778793
3420.68,80.78631824
3421.49,80.63564856
3422.29,80.48777888
3423.09,80.33980919
3423.9,80.19093951
3424.7,80.03696982
3425.5,79.88150014
3426.31,79.72543045
3427.11,79.56996077
3427.91,79.41429108
3428.72,79.2584214
3429.52,79.10265172
3430.33,78.94988203
3431.13,78.79951235
3431.93,78.65134266
3432.74,78.50527298
3433.54,78.36060329
3434.34,78.21703361
3435.15,78.07466392
3435.95,77.93589424
3436.75,77.80052455
3437.56,77.66885487
3438.36,77.54328519
3439.16,77.4220155
3439.97,77.30474582
3440.77,77.19317613
3441.58,77.08810645
3442.38,76.98763676
3443.18,76.89236708
3443.99,76.80529739
3444.79,76.72252771
3445.59,76.64405803
3446.4,76.57198834
3447.2,76.50641866
3448,76.44674897
3448.81,76.39487929
3449.61,76.3522096
3450.41,76.31533992
3451.22,76.28427023
3452.02,76.26160055
3452.82,76.24313086
3453.63,76.22896118
3454.43,76.2216915
3455.24,76.22102181
3456.04,76.22535213
3456.84,76.23608244
3457.65,76.25291276
3458.45,76.27424307
3459.25,76.30057339
3460.06,76.3359037
3460.86,76.37683402
3461.66,76.42356434
3462.47,76.48009465
3463.27,76.54322497
3464.07,76.61145528
3464.88,76.6856856
3465.68,76.76441591
3466.48,76.84704623
3467.29,76.93487654
3468.09,77.03020686
3468.9,77.12923717
3469.7,77.23166749
3470.5,77.33709781
3471.31,77.44352812
3472.11,77.55115844
3472.91,77.66158875
3473.72,77.77571907
3474.52,77.89314938
3475.32,78.0158797
3476.13,78.14331001
3476.93,78.27354033
3477.73,78.40647065
3478.54,78.54060096
3479.34,78.67433128
3480.15,78.80736159
3480.95,78.93759191
3481.75,79.06652222
3482.56,79.19405254
3483.36,79.31988285
3484.16,79.44471317
3484.97,79.56924348
3485.77,79.6945738
3486.57,79.82110412
3487.38,79.94723443
3488.18,80.07096475
3488.98,80.18909506
3489.79,80.30282538
3490.59,80.41075569
3491.39,80.51168601
3492.2,80.60841632
3493,80.70064664
3493.81,80.78817696
3494.61,80.87320727
3495.41,80.95553759
3496.22,81.0306679
3497.02,81.09999822
3497.82,81.16332853
3498.63,81.21385885
3499.43,81.25748916
3500.23,81.29531948
3501.04,81.32574979
3501.84,81.35098011
3502.64,81.37161043
3503.45,81.38384074
3504.25,81.38817106
3505.05,81.38620137
3505.86,81.37423169
3506.66,81.352262
3507.47,81.32409232
3508.27,81.28842263
3509.07,81.24615295
3509.88,81.19848327
3510.68,81.14301358
3511.48,81.0747439
3512.29,80.99857421
3513.09,80.91290453
3513.89,80.81723484
3514.7,80.71686516
3515.5,80.61159547
3516.3,80.49912579
3517.11,80.3821561
3517.91,80.25988642
3518.72,80.12811674
3519.52,79.99144705
3520.32,79.84977737
3521.13,79.69880768
3521.93,79.542438
3522.73,79.38086831
3523.54,79.21129863
3524.34,79.03942894
3525.14,78.86535926
3525.95,78.68628958
3526.75,78.50371989
3527.55,78.31785021
3528.36,78.12658052
3529.16,77.93401084
3529.96,77.74024115
3530.77,77.54427147
3531.57,77.34600178
3532.38,77.1458321
3533.18,76.94316241
3533.98,76.74189273
3534.79,76.54192305
3535.59,76.34625336
3536.39,76.15158368
3537.2,75.95781399
3538,75.76304431
3538.8,75.56797462
3539.61,75.37280494
3540.41,75.17983525
3541.21,74.98896557
3542.02,74.80019589
3542.82,74.6155262
3543.63,74.43365652
3544.43,74.25418683
3545.23,74.07941715
3546.04,73.90664746
3546.84,73.73597778
3547.64,73.57120809
3548.45,73.41123841
3549.25,73.25616872
3550.05,73.11189904
3550.86,72.97202936
3551.66,72.83695967
3552.46,72.70738999
3553.27,72.5802203
3554.07,72.45545062
3554.87,72.33788093
3555.68,72.22551125
3556.48,72.11954156
3557.29,72.02377188
3558.09,71.9330022
3558.89,71.84813251
3559.7,71.77036283
3560.5,71.69689314
3561.3,71.62932346
3562.11,71.57115377
3562.91,71.51868409
3563.71,71.4744144
3564.52,71.43694472
3565.32,71.40337503
3566.12,71.37550535
3566.93,71.35453567
3567.73,71.33856598
3568.53,71.3317963
3569.34,71.33322661
3570.14,71.34025693
3570.95,71.35738724
3571.75,71.38021756
3572.55,71.40724787
3573.36,71.44087819
3574.16,71.47860851
3574.96,71.51983882
3575.77,71.56856914
3576.57,71.62019945
3577.37,71.67492977
3578.18,71.73586008
3578.98,71.8018904
3579.78,71.87442071
3580.59,71.95875103
3581.39,72.04768134
3582.2,72.14261166
3583,72.24044198
3583.8,72.33997229
3584.61,72.44210261
3585.41,72.54813292
3586.21,72.65676324
3587.02,72.77029355
3587.82,72.88702387
3588.62,73.00575418
3589.43,73.1278845
3590.23,73.25181482
3591.03,73.37714513
3591.84,73.50617545
3592.64,73.63700576
3593.44,73.77013608
3594.25,73.90596639
3595.05,74.04209671
3595.86,74.17832702
3596.66,74.31295734
3597.46,74.44668765
3598.27,74.57921797
3599.07,74.71124829
3599.87,74.8428786
3600.68,74.97300892
3601.48,75.10083923
3602.28,75.22666955
3603.09,75.34659986
3603.89,75.46393018
3604.69,75.57796049
3605.5,75.68849081
3606.3,75.79732113
3607.1,75.90365144
3607.91,76.00468176
3608.71,76.10261207
3609.52,76.19424239
3610.32,76.2810727
3611.12,76.36480302
3611.93,76.44163333
3612.73,76.51316365
3613.53,76.57989396
3614.34,76.63452428
3615.14,76.6842546
3615.94,76.72708491
3616.75,76.76291523
3617.55,76.79504554
3618.35,76.82057586
3619.16,76.83740617
3619.96,76.84843649
3620.77,76.8467668
3621.57,76.83839712
3622.37,76.82432744
3623.18,76.80035775
3623.98,76.77178807
3624.78,76.73621838
3625.59,76.6896487
3626.39,76.63727901
3627.19,76.57390933
3628,76.50183964
3628.8,76.42416996
3629.6,76.33560027
3630.41,76.24163059
3631.21,76.14236091
3632.01,76.03199122
3632.82,75.91642154
3633.62,75.79225185
3634.43,75.65958217
3635.23,75.52241248
3636.03,75.3767428
3636.84,75.22527311
3637.64,75.06950343
3638.44,74.90423375
3639.25,74.73506406
3640.05,74.56019438
3640.85,74.37742469
3641.66,74.19125501
3642.46,73.99898532
3643.26,73.80231564
3644.07,73.60294595
3644.87,73.39757627
3645.67,73.19020658
3646.48,72.9804369
3647.28,72.76756722
3648.09,72.55329753
3648.89,72.33612785
3649.69,72.11685816
3650.5,71.89638848
3651.3,71.67461879
3652.1,71.45264911
3652.91,71.23047942
3653.71,71.00650974
3654.51,70.78104006
3655.32,70.55207037
3656.12,70.32140069
3656.92,70.089831
3657.73,69.86046132
3658.53,69.63289163
3659.34,69.40782195
3660.14,69.18495226
3660.94,68.96288258
3661.75,68.74181289
3662.55,68.52214321
3663.35,68.30357353
3664.16,68.09040384
3664.96,67.88023416
3665.76,67.67436447
3666.57,67.47359479
3667.37,67.2750251
3668.17,67.08125542
3668.98,66.89088573
3669.78,66.70321605
3670.58,66.52054637
3671.39,66.33977668
3672.19,66.161907
3673,65.98733731
3673.8,65.81476763
3674.6,65.64829794
3675.41,65.48662826
3676.21,65.33015857
3677.01,65.18368889
3677.82,65.0410192
3678.62,64.90544952
3679.42,64.77367984
3680.23,64.64451015
3681.03,64.52194047
3681.83,64.40227078
3682.64,64.2880011
3683.44,64.17983141
3684.25,64.07496173
3685.05,63.97839204
3685.85,63.88662236
3686.66,63.80005268
3687.46,63.72178299
3688.26,63.64711331
3689.07,63.58004362
3689.87,63.51847394
3690.67,63.46100425
3691.48,63.41163457
3692.28,63.36506488
3693.08,63.3236952
3693.89,63.28732551
3694.69,63.25355583
3695.49,63.22768615
3696.3,63.20541646
3697.1,63.18874678
3697.91,63.17877709
3698.71,63.17170741
3699.51,63.17093772
3700.32,63.17316804
3701.12,63.17899835
3701.92,63.19122867
3702.73,63.20615899
3703.53,63.2273893
3704.33,63.25181962
3705.14,63.27904993
3705.94,63.31158025
3706.74,63.34641056
3707.55,63.38624088
3708.35,63.43017119
3709.15,63.47700151
3709.96,63.53013182
3710.76,63.58516214
3711.57,63.64369246
3712.37,63.70412277
3713.17,63.76565309
3713.98,63.8291834
3714.78,63.89381372
3715.58,63.96054403
3716.39,64.03147435
3717.19,64.10450466
3717.99,64.18343498
3718.8,64.2627653
3719.6,64.34299561
3720.4,64.42262593
3721.21,64.50205624
3722.01,64.58248656
3722.82,64.66321687
3723.62,64.74464719
3724.42,64.8251775
3725.23,64.90530782
3726.03,64.98343813
3726.83,65.06106845
3727.64,65.13789877
3728.44,65.21382908
3729.24,65.2893594
3730.05,65.36318971
3730.85,65.43592003
3731.65,65.50675034
3732.46,65.57458066
3733.26,65.64101097
3734.06,65.70224129
3734.87,65.76177161
3735.67,65.81810192
3736.48,65.87183224
3737.28,65.92426255
3738.08,65.97399287
3738.89,66.02282318
3739.69,66.0696535
3740.49,66.11288381
3741.3,66.15441413
3742.1,66.18764444
3742.9,66.21797476
3743.71,66.24160508
3744.51,66.25973539
3745.31,66.27436571
3746.12,66.28279602
3746.92,66.28952634
3747.72,66.29285665
3748.53,66.29278697
3749.33,66.29021728
3750.14,66.2802476
3750.94,66.26767792
3751.74,66.24790823
3752.55,66.22373855
3753.35,66.19536886
3754.15,66.15979918
3754.96,66.12162949
3755.76,66.07665981
3756.56,66.02899012
3757.37,65.97772044
3758.17,65.92195075
3758.97,65.86438107
3759.78,65.80091139
3760.58,65.7354417
3761.39,65.66587202
3762.19,65.59200233
3762.99,65.51583265
3763.8,65.43346296
3764.6,65.34939328
3765.4,65.26072359
3766.21,65.16925391
3767.01,65.07558423
3767.81,64.97851454
3768.62,64.88014486
3769.42,64.77747517
3770.22,64.67260549
3771.03,64.5647358
3771.83,64.45536612
3772.63,64.34559643
3773.44,64.23592675
3774.24,64.12545706
3775.05,64.01348738
3775.85,63.8990177
3776.65,63.78314801
3777.46,63.66557833
3778.26,63.54790864
3779.06,63.43103896
3779.87,63.31496927
3780.67,63.19999959
3781.47,63.0863299
3782.28,62.97306022
3783.08,62.85969054
3783.88,62.74592085
3784.69,62.63115117
3785.49,62.51648148
3786.3,62.4018118
3787.1,62.29004211
3787.9,62.17947243
3788.71,62.07330274
3789.51,61.96893306
3790.31,61.86716337
3791.12,61.76809369
3791.92,61.67032401
3792.72,61.57735432
3793.53,61.48548464
3794.33,61.39641495
3795.13,61.30814527
3795.94,61.22047558
3796.74,61.1347059
3797.54,61.04983621
3798.35,60.97146653
3799.15,60.89609685
3799.96,60.82652716
3800.76,60.76115748
3801.56,60.69838779
3802.37,60.63991811
3803.17,60.58294842
3803.97,60.53057874
3804.78,60.48110905
3805.58,60.43573937
3806.38,60.39486968
3807.19,60.3564
3807.99,60.3209
3808.79,60.2867
3809.6,60.256
3810.4,60.2284
3811.2,60.2046
3812.01,60.1873
3812.81,60.1728
3813.62,60.1671
3814.42,60.1634
3815.22,60.1656
3816.03,60.171
3816.83,60.1801
3817.63,60.1938
3818.44,60.2092
3819.24,60.2304
3820.04,60.2532
3820.85,60.2812
3821.65,60.313
3822.45,60.349
3823.26,60.3908
3824.06,60.435
3824.87,60.4855
3825.67,60.5372
3826.47,60.5926
3827.28,60.6502
3828.08,60.7103
3828.88,60.7745
3829.69,60.8404
3830.49,60.9119
3831.29,60.9849
3832.1,61.0628
3832.9,61.143
3833.7,61.2265
3834.51,61.313
3835.31,61.4012
3836.11,61.4925
3836.92,61.5847
3837.72,61.6802
3838.53,61.7778
3839.33,61.8789
3840.13,61.9832
3840.94,62.0897
3841.74,62.1983
3842.54,62.3074
3843.35,62.4171
3844.15,62.5271
3844.95,62.638
3845.76,62.7502
3846.56,62.8635
3847.36,62.9777
3848.17,63.0922
3848.97,63.2059
3849.77,63.3195
3850.58,63.4329
3851.38,63.5472
3852.19,63.6627
3852.99,63.7797
3853.79,63.8977
3854.6,64.0154
3855.4,64.1328
3856.2,64.2464
3857.01,64.3587
3857.81,64.4674
3858.61,64.5742
3859.42,64.6789
3860.22,64.7808
3861.02,64.8813
3861.83,64.9782
3862.63,65.0744
3863.44,65.1687
3864.24,65.2621
3865.04,65.3536
3865.85,65.442
3866.65,65.5277
3867.45,65.6075
3868.26,65.6851
3869.06,65.7553
3869.86,65.824
3870.67,65.8864
3871.47,65.9465
3872.27,66.0022
3873.08,66.0546
3873.88,66.1042
3874.68,66.1492
3875.49,66.1926
3876.29,66.2289
3877.1,66.2633
3877.9,66.2892
3878.7,66.3115
3879.51,66.3267
3880.31,66.3374
3881.11,66.344
3881.92,66.346
3882.72,66.3462
3883.52,66.3398
3884.33,66.3319
3885.13,66.3158
3885.93,66.297
3886.74,66.2716
3887.54,66.2421
3888.35,66.2083
3889.15,66.1689
3889.95,66.1268
3890.76,66.0778
3891.56,66.0273
3892.36,65.97
3893.17,65.9113
3893.97,65.8471
3894.77,65.7797
3895.58,65.7074
3896.38,65.6304
3897.18,65.55
3897.99,65.4655
3898.79,65.3797
3899.59,65.2907
3900.4,65.201
3901.2,65.1071
3902.01,65.0113
3902.81,64.9108
3903.61,64.8075
3904.42,64.7009
3905.22,64.5916
3906.02,64.4808
3906.83,64.3675
3907.63,64.2536
3908.43,64.1376
3909.24,64.0212
3910.04,63.9028
3910.84,63.7834
3911.65,63.6616
3912.45,63.5386
3913.25,63.4142
3914.06,63.2894
3914.86,63.1644
3915.67,63.0401
3916.47,62.9161
3917.27,62.7927
3918.08,62.6693
3918.88,62.5453
3919.68,62.4213
3920.49,62.2973
3921.29,62.1744
3922.09,62.0532
3922.9,61.9339
3923.7,61.8162
3924.5,61.6999
3925.31,61.5843
3926.11,61.4709
3926.92,61.3579
3927.72,61.2488
3928.52,61.1404
3929.33,61.0349
3930.13,60.9304
3930.93,60.8277
3931.74,60.7265
3932.54,60.627
3933.34,60.5307
3934.15,60.4363
3934.95,60.3467
3935.75,60.2586
3936.56,60.1753
3937.36,60.0927
3938.16,60.0141
3938.97,59.9363
3939.77,59.8624
3940.58,59.7902
3941.38,59.722
3942.18,59.6566
3942.99,59.5946
3943.79,59.5365
3944.59,59.4812
3945.4,59.4301
3946.2,59.3807
3947,59.3351
3947.81,59.2903
3948.61,59.2508
3949.41,59.2123
3950.22,59.1805
3951.02,59.1506
3951.82,59.1266
3952.63,59.105
3953.43,59.0873
3954.24,59.0721
3955.04,59.0595
3955.84,59.0495
3956.65,59.0413
3957.45,59.0358
3958.25,59.0313
3959.06,59.0302
3959.86,59.0297
3960.66,59.0351
3961.47,59.0413
3962.27,59.0545
3963.07,59.0691
3963.88,59.0895
3964.68,59.1117
3965.49,59.1381
3966.29,59.1662
3967.09,59.1968
3967.9,59.2288
3968.7,59.262
3969.5,59.2969
3970.31,59.3327
3971.11,59.3715
3971.91,59.4113
3972.72,59.4556
3973.52,59.5005
3974.32,59.5503
3975.13,59.6004
3975.93,59.6539
3976.73,59.7078
3977.54,59.7631
3978.34,59.8186
3979.15,59.8743
3979.95,59.9302
3980.75,59.9864
3981.56,60.0433
3982.36,60.1009
3983.16,60.1597
3983.97,60.2193
3984.77,60.28
3985.57,60.3412
3986.38,60.4033
3987.18,60.4656
3987.98,60.5271
3988.79,60.5886
3989.59,60.647
3990.39,60.705
3991.2,60.7597
3992,60.814
3992.81,60.8668
3993.61,60.9194
3994.41,60.9716
3995.22,61.0234
3996.02,61.0744
3996.82,61.1244
3997.63,61.1726
3998.43,61.2181
3999.23,61.2607
4000.04,61.2992
4000.84,61.3346
4001.64,61.3661
4002.45,61.3955
4003.25,61.4222
4004.06,61.4477
4004.86,61.4701
4005.66,61.4915
4006.47,61.5076
4007.27,61.5229
4008.07,61.5307
4008.88,61.5379
4009.68,61.5369
4010.48,61.5353
4011.29,61.5264
4012.09,61.5166
4012.89,61.5011
4013.7,61.4842
4014.5,61.4626
4015.3,61.4385
4016.11,61.4085
4016.91,61.3748
4017.72,61.3342
4018.52,61.2895
4019.32,61.239
4020.13,61.185
4020.93,61.1272
4021.73,61.0653
4022.54,61
4023.34,60.9292
4024.14,60.8547
4024.95,60.7746
4025.75,60.6914
4026.55,60.6031
4027.36,60.5128
4028.16,60.4164
4028.97,60.3183
4029.77,60.2127
4030.57,60.1055
4031.38,59.9907
4032.18,59.8747
4032.98,59.7514
4033.79,59.6276
4034.59,59.4967
4035.39,59.3655
4036.2,59.2277
4037,59.0895
4037.8,58.9456
4038.61,58.8011
4039.41,58.6513
4040.21,58.5005
4041.02,58.344
4041.82,58.1861
4042.63,58.0223
4043.43,57.8571
4044.23,57.6867
4045.04,57.5152
4045.84,57.3405
4046.64,57.1651
4047.45,56.9883
4048.25,56.811
4049.05,56.6329
4049.86,56.454
4050.66,56.2739
4051.46,56.0925
4052.27,55.9092
4053.07,55.7243
4053.87,55.5374
4054.68,55.3493
4055.48,55.1598
4056.29,54.9702
4057.09,54.7803
4057.89,54.5909
4058.7,54.4019
4059.5,54.213
4060.3,54.0241
4061.11,53.8348
4061.91,53.6453
4062.71,53.4561
4063.52,53.2671
4064.32,53.079
4065.12,52.8917
4065.93,52.7056
4066.73,52.5204
4067.54,52.3369
4068.34,52.1545
4069.14,51.9739
4069.95,51.7944
4070.75,51.6161
4071.55,51.4386
4072.36,51.2625
4073.16,51.0872
4073.96,50.9146
4074.77,50.7433
4075.57,50.5752
4076.37,50.4087
4077.18,50.2447
4077.98,50.0818
4078.78,49.9212
4079.59,49.7616
4080.39,49.6054
4081.2,49.4508
4082,49.3007
4082.8,49.1526
4083.61,49.0082
4084.41,48.8654
4085.21,48.7249
4086.02,48.5855
4086.82,48.4482
4087.62,48.3119
4088.43,48.1792
4089.23,48.0481
4090.03,47.9218
4090.84,47.7977
4091.64,47.6785
4092.44,47.5616
4093.25,47.4483
4094.05,47.3369
4094.86,47.2283
4095.66,47.1213
4096.46,47.0172
4097.27,46.9147
4098.07,46.8155
4098.87,46.7181
4099.68,46.6241
4100.48,46.5321
4101.28,46.4437
4102.09,46.3576
4102.89,46.2751
4103.69,46.1954
4104.5,46.1191
4105.3,46.0456
4106.11,45.9753
4106.91,45.9076
4107.71,45.8423
4108.52,45.7793
4109.32,45.7181
4110.12,45.6589
4110.93,45.6015
4111.73,45.5463
4112.53,45.4932
4113.34,45.4431
4114.14,45.3949
4114.94,45.3496
4115.75,45.3058
4116.55,45.2642
4117.35,45.224
4118.16,45.1866
4118.96,45.151
4119.77,45.1193
4120.57,45.0888
4121.37,45.0618
4122.18,45.0354
4122.98,45.0112
4123.78,44.9876
4124.59,44.9667
4125.39,44.9465
4126.19,44.93
4127,44.9139
4127.8,44.9007
4128.6,44.8875
4129.41,44.8758
4130.21,44.864
4131.02,44.8542
4131.82,44.8444
4132.62,44.8373
4133.43,44.8303
4134.23,44.8247
4135.03,44.8193
4135.84,44.8142
4136.64,44.8093
4137.44,44.8053
4138.25,44.8016
4139.05,44.7993
4139.85,44.7974
4140.66,44.7963
4141.46,44.7955
4142.26,44.7942
4143.07,44.7927
4143.87,44.79
4144.68,44.7865
4145.48,44.7824
4146.28,44.7779
4147.09,44.7739
4147.89,44.7705
4148.69,44.7677
4149.5,44.7656
4150.3,44.7632
4151.1,44.7601
4151.91,44.7562
4152.71,44.7499
4153.51,44.743
4154.32,44.7335
4155.12,44.7237
4155.92,44.7116
4156.73,44.6994
4157.53,44.685
4158.34,44.6706
4159.14,44.6537
4159.94,44.6367
4160.75,44.6171
4161.55,44.5973
4162.35,44.5745
4163.16,44.5511
4163.96,44.5248
4164.76,44.4975
4165.57,44.4678
4166.37,44.437
4167.17,44.4046
4167.98,44.371
4168.78,44.3358
4169.59,44.2989
4170.39,44.2598
4171.19,44.2177
4172,44.1736
4172.8,44.1253
4173.6,44.0757
4174.41,44.0224
4175.21,43.9685
4176.01,43.9117
4176.82,43.8546
4177.62,43.7943
4178.42,43.7339
4179.23,43.6699
4180.03,43.6058
4180.83,43.539
4181.64,43.4719
4182.44,43.4034
4183.25,43.3345
4184.05,43.2645
4184.85,43.1941
4185.66,43.1234
4186.46,43.0527
4187.26,42.9831
4188.07,42.9151
4188.87,42.8492
4189.67,42.7872
4190.48,42.7275
4191.28,42.6746
4192.08,42.6234
4192.89,42.5821
4193.69,42.5413
4194.49,42.5136
4195.3,42.4858
4196.1,42.4703
4196.91,42.4558
4197.71,42.4488
4198.51,42.4436
4199.32,42.4404
4200.12,42.4381
4200.92,42.4356
4201.73,42.433
4202.53,42.4312
4203.33,42.4301
4204.14,42.4308
4204.94,42.4348
4205.74,42.4401
4206.55,42.4497
4207.35,42.4597
4208.16,42.474
4208.96,42.4884
4209.76,42.5099
4210.57,42.5316
4211.37,42.563
4212.17,42.5962
4212.98,42.6366
4213.78,42.6798
4214.58,42.7254
4215.39,42.7726
4216.19,42.8195
4216.99,42.866
4217.8,42.9126
4218.6,42.9593
4219.4,43.0063
4220.21,43.0551
4221.01,43.1038
4221.82,43.15
4222.62,43.1961
4223.42,43.2316
4224.23,43.266
4225.03,43.2853
4225.83,43.3001
4226.64,43.2986
4227.44,43.2875
4228.24,43.2637
4229.05,43.2264
4229.85,43.1818
4230.65,43.1231
4231.46,43.0603
4232.26,42.9796
4233.06,42.8979
4233.87,42.7936
4234.67,42.6894
4235.48,42.5583
4236.28,42.424
4237.08,42.2578
4237.89,42.0802
4238.69,41.8836
4239.49,41.6733
4240.3,41.456
4241.1,41.2295
4241.9,40.9927
4242.71,40.728
4243.51,40.457
4244.31,40.1325
4245.12,39.8081
4245.92,39.46
4246.73,39.1106
4247.53,38.776
4248.33,38.4456
4249.14,38.1189
4249.94,37.7946
4250.74,37.4605
4251.55,37.1145
4252.35,36.7651
4253.15,36.4072
4253.96,36.0538
4254.76,35.7364
4255.56,35.4191
4256.37,35.2021
4257.17,34.9918
4257.97,34.8864
4258.78,34.8133
4259.58,34.8055
4260.39,34.8432
4261.19,34.8948
4261.99,34.9662
4262.8,35.0282
4263.6,35.0588
4264.4,35.0864
4265.21,35.0574
4266.01,35.0284
4266.81,34.9558
4267.62,34.8765
4268.42,34.7664
4269.22,34.6419
4270.03,34.4966
4270.83,34.3299
4271.64,34.1539
4272.44,33.9566
4273.24,33.7594
4274.05,33.563
4274.85,33.3666
4275.65,33.2135
4276.46,33.0641
4277.26,32.9564
4278.06,32.8641
4278.87,32.7771
4279.67,32.6947
4280.47,32.6035
4281.28,32.4951
4282.08,32.3856
4282.88,32.2696
4283.69,32.1535
4284.49,32.0464
4285.3,31.94
4286.1,31.8335
4286.9,31.7272
4287.71,31.6151
4288.51,31.4979
4289.31,31.3764
4290.12,31.2458
4290.92,31.114
4291.72,30.9722
4292.53,30.8304
4293.33,30.6823
4294.13,30.5336
4294.94,30.3809
4295.74,30.2264
4296.54,30.0687
4297.35,29.9076
4298.15,29.7469
4298.96,29.5873
4299.76,29.4282
4300.56,29.2778
4301.37,29.1275
4302.17,28.978
4302.97,28.8287
4303.78,28.6747
4304.58,28.5175
4305.38,28.3585
4306.19,28.1963
4306.99,28.0332
4307.79,27.8652
4308.6,27.6972
4309.4,27.5203
4310.21,27.3428
4311.01,27.1635
4311.81,26.9834
4312.62,26.8066
4313.42,26.6335
4314.22,26.4622
4315.03,26.2965
4315.83,26.1309
4316.63,25.9703
4317.44,25.8097
4318.24,25.6562
4319.04,25.505
4319.85,25.3597
4320.65,25.2197
4321.45,25.0812
4322.26,24.9465
4323.06,24.8118
4323.87,24.6771
4324.67,24.5425
4325.47,24.4053
4326.28,24.2674
4327.08,24.1266
4327.88,23.9834
4328.69,23.8385
4329.49,23.6898
4330.29,23.541
4331.1,23.3886
4331.9,23.2362
4332.7,23.0832
4333.51,22.93
4334.31,22.7771
4335.11,22.6244
4335.92,22.4723
4336.72,22.3214
4337.53,22.1708
4338.33,22.0255
4339.13,21.8803
4339.94,21.7414
4340.74,21.6043
4341.54,21.4704
4342.35,21.3394
4343.15,21.2092
4343.95,21.0807
4344.76,20.9523
4345.56,20.8224
4346.36,20.6925
4347.17,20.5602
4347.97,20.427
4348.78,20.2943
4349.58,20.1621
4350.38,20.0309
4351.19,19.904
4351.99,19.7772
4352.79,19.6543
4353.6,19.5319
4354.4,19.4102
4355.2,19.289
4356.01,19.168
4356.81,19.0473
4357.61,18.9269
4358.42,18.8076
4359.22,18.6884
4360.02,18.5696
4360.83,18.451
4361.63,18.3324
4362.44,18.2139
4363.24,18.0962
4364.04,17.9808
4364.85,17.8655
4365.65,17.7562
4366.45,17.647
4367.26,17.5415
4368.06,17.4375
4368.86,17.3342
4369.67,17.2318
4370.47,17.1293
4371.27,17.0266
4372.08,16.9239
4372.88,16.8222
4373.69,16.7208
4374.49,16.6216
4375.29,16.5244
4376.1,16.4284
4376.9,16.3368
4377.7,16.2451
4378.51,16.1582
4379.31,16.0717
4380.11,15.9884
4380.92,15.9072
4381.72,15.8276
4382.52,15.7515
4383.33,15.6755
4384.13,15.6034
4384.93,15.5314
4385.74,15.4612
4386.54,15.3918
4387.35,15.3233
4388.15,15.256
4388.95,15.1889
4389.76,15.1244
4390.56,15.0599
4391.36,14.9986
4392.17,14.9382
4392.97,14.8798
4393.77,14.8237
4394.58,14.768
4395.38,14.7148
4396.18,14.6616
4396.99,14.6091
4397.79,14.5569
4398.59,14.505
4399.4,14.4536
4400.2,14.4029
4401.01,14.355
4401.81,14.3072
4402.61,14.2643
4403.42,14.2222
4404.22,14.1823
4405.02,14.1445
4405.83,14.107
4406.63,14.0709
4407.43,14.0349
4408.24,14.0003
4409.04,13.966
4409.84,13.9336
4410.65,13.9028
4411.45,13.8729
4412.26,13.8465
4413.06,13.8202
4413.86,13.7972
4414.67,13.7748
4415.47,13.7542
4416.27,13.7351
4417.08,13.7167
4417.88,13.701
4418.68,13.6854
4419.49,13.6725
4420.29,13.66
4421.09,13.6489
4421.9,13.639
4422.7,13.6295
4423.5,13.622
4424.31,13.6145
4425.11,13.6096
4425.92,13.6053
4426.72,13.6027
4427.52,13.6021
4428.33,13.6019
4429.13,13.6052
4429.93,13.6084
4430.74,13.6148
4431.54,13.6222
4432.34,13.631
4433.15,13.6419
4433.95,13.6529
4434.75,13.6665
4435.56,13.6801
4436.36,13.6952
4437.16,13.711
4437.97,13.7274
4438.77,13.7453
4439.58,13.7631
4440.38,13.7837
4441.18,13.8045
4441.99,13.8279
4442.79,13.8532
4443.59,13.8795
4444.4,13.9093
4445.2,13.9391
4446,13.9711
4446.81,14.0035
4447.61,14.0362
4448.41,14.0692
4449.22,14.1024
4450.02,14.1363
4450.83,14.1702
4451.63,14.207
4452.43,14.2447
4453.24,14.2846
4454.04,14.3282
4454.84,14.3719
4455.65,14.419
4456.45,14.4663
4457.25,14.5138
4458.06,14.5616
4458.86,14.6096
4459.66,14.6586
4460.47,14.7077
4461.27,14.7593
4462.07,14.8115
4462.88,14.8648
4463.68,14.9196
4464.49,14.9744
4465.29,15.0306
4466.09,15.0867
4466.9,15.1439
4467.7,15.2017
4468.5,15.2601
4469.31,15.3204
4470.11,15.3806
4470.91,15.4431
4471.72,15.5059
4472.52,15.5693
4473.32,15.6336
4474.13,15.698
4474.93,15.7634
4475.73,15.8287
4476.54,15.8951
4477.34,15.962
4478.15,16.0293
4478.95,16.0978
4479.75,16.1662
4480.56,16.2357
4481.36,16.3053
4482.16,16.3752
4482.97,16.4456
4483.77,16.516
4484.57,16.5868
4485.38,16.6576
4486.18,16.7287
4486.98,16.7999
4487.79,16.8712
4488.59,16.9428
4489.4,17.0144
4490.2,17.0858
4491,17.1572
4491.81,17.2284
4492.61,17.2993
4493.41,17.3702
4494.22,17.4412
4495.02,17.5122
4495.82,17.5829
4496.63,17.6533
4497.43,17.7236
4498.23,17.7922
4499.04,17.8607
4499.84,17.9279
4500.64,17.9943
4501.45,18.0606
4502.25,18.1263
4503.06,18.1919
4503.86,18.2574
4504.66,18.3228
4505.47,18.3878
4506.27,18.4522
4507.07,18.5165
4507.88,18.5791
4508.68,18.6415
4509.48,18.7028
4510.29,18.7628
4511.09,18.8227
4511.89,18.8802
4512.7,18.9377
4513.5,18.9939
4514.31,19.0491
4515.11,19.104
4515.91,19.1572
4516.72,19.2103
4517.52,19.2619
4518.32,19.3127
4519.13,19.3628
4519.93,19.411
4520.73,19.4591
4521.54,19.5052
4522.34,19.5507
4523.14,19.5953
4523.95,19.6381
4524.75,19.6808
4525.55,19.7207
4526.36,19.7602
4527.16,19.7983
4527.97,19.8346
4528.77,19.8709
4529.57,19.9043
4530.38,19.9376
4531.18,19.9693
4531.98,19.9995
4532.79,20.0296
4533.59,20.0563
4534.39,20.0831
4535.2,20.1076
4536,20.1306
4536.8,20.1532
4537.61,20.1725
4538.41,20.1918
4539.21,20.209
4540.02,20.2251
4540.82,20.2407
4541.63,20.254
4542.43,20.2673
4543.23,20.2786
4544.04,20.289
4544.84,20.2987
4545.64,20.3059
4546.45,20.3131
4547.25,20.318
4548.05,20.322
4548.86,20.3254
4549.66,20.3267
4550.46,20.328
4551.27,20.3273
4552.07,20.326
4552.88,20.324
4553.68,20.3202
4554.48,20.3164
4555.29,20.3109
4556.09,20.3049
4556.89,20.2982
4557.7,20.2896
4558.5,20.2811
4559.3,20.2696
4560.11,20.2574
4560.91,20.2441
4561.71,20.2283
4562.52,20.2125
4563.32,20.1947
4564.12,20.1765
4564.93,20.1577
4565.73,20.138
4566.54,20.1182
4567.34,20.0973
4568.14,20.0762
4568.95,20.0548
4569.75,20.033
4570.55,20.0112
4571.36,19.9885
4572.16,19.9657
4572.96,19.9422
4573.77,19.9171
4574.57,19.8919
4575.37,19.8647
4576.18,19.837
4576.98,19.8089
4577.78,19.7796
4578.59,19.7503
4579.39,19.7201
4580.2,19.6897
4581,19.659
4581.8,19.6278
4582.61,19.5965
4583.41,19.5647
4584.21,19.5326
4585.02,19.5003
4585.82,19.4666
4586.62,19.4329
4587.43,19.3979
4588.23,19.3623
4589.03,19.3265
4589.84,19.2893
4590.64,19.2522
4591.45,19.2143
4592.25,19.1761
4593.05,19.1378
4593.86,19.0992
4594.66,19.0606
4595.46,19.0223
4596.27,18.9841
4597.07,18.946
4597.87,18.9076
4598.68,18.8692
4599.48,18.8299
4600.28,18.7899
4601.09,18.7499
4601.89,18.7087
4602.69,18.6675
4603.5,18.6263
4604.3,18.5852
4605.11,18.544
4605.91,18.5028
4606.71,18.4616
4607.52,18.4202
4608.32,18.3783
4609.12,18.3365
4609.93,18.2945
4610.73,18.2526
4611.53,18.2106
4612.34,18.1685
4613.14,18.1264
4613.94,18.0838
4614.75,18.041
4615.55,17.9981
4616.36,17.9544
4617.16,17.9107
4617.96,17.8665
4618.77,17.8219
4619.57,17.7772
4620.37,17.7319
4621.18,17.6866
4621.98,17.6411
4622.78,17.5954
4623.59,17.5497
4624.39,17.5035
4625.19,17.4572
4626,17.4107
4626.8,17.3636
4627.6,17.3166
4628.41,17.2694
4629.21,17.2221
4630.02,17.1748
4630.82,17.1279
4631.62,17.0809
4632.43,17.0337
4633.23,16.9863
4634.03,16.939
4634.84,16.8902
4635.64,16.8414
4636.44,16.792
4637.25,16.742
4638.05,16.692
4638.85,16.6415
4639.66,16.5908
4640.46,16.5399
4641.26,16.4881
4642.07,16.4363
4642.87,16.3832
4643.68,16.3295
4644.48,16.2757
4645.28,16.2206
4646.09,16.1654
4646.89,16.1098
4647.69,16.0537
4648.5,15.9977
4649.3,15.9409
4650.1,15.884
4650.91,15.8269
4651.71,15.7693
4652.51,15.7118
4653.32,15.6536
4654.12,15.5952
4654.93,15.5365
4655.73,15.476
4656.53,15.4156
4657.34,15.3536
4658.14,15.2903
4658.94,15.227
4659.75,15.1616
4660.55,15.0961
4661.35,15.0301
4662.16,14.9629
4662.96,14.8957
4663.76,14.8273
4664.57,14.7585
4665.37,14.6895
4666.17,14.6193
4666.98,14.5491
4667.78,14.4782
4668.59,14.4068
4669.39,14.3354
4670.19,14.2621
4671,14.1885
4671.8,14.1141
4672.6,14.0372
4673.41,13.9604
4674.21,13.882
4675.01,13.8025
4675.82,13.7231
4676.62,13.642
4677.42,13.5609
4678.23,13.4789
4679.03,13.3956
4679.83,13.3122
4680.64,13.2265
4681.44,13.1402
4682.25,13.0536
4683.05,12.9654
4683.85,12.8773
4684.66,12.7887
4685.46,12.6996
4686.26,12.6106
4687.07,12.5197
4687.87,12.4287
4688.67,12.337
4689.48,12.2432
4690.28,12.1495
4691.08,12.0543
4691.89,11.9583
4692.69,11.8623
4693.5,11.764
4694.3,11.6656
4695.1,11.5664
4695.91,11.4654
4696.71,11.3643
4697.51,11.2619
4698.32,11.1587
4699.12,11.0556
4699.92,10.9513
4700.73,10.8471
4701.53,10.7424
4702.33,10.6369
4703.14,10.5314
4703.94,10.4246
4704.74,10.3171
4705.55,10.2096
4706.35,10.1001
4707.16,9.99063
4707.96,9.88058
4708.76,9.76958
4709.57,9.65863
4710.37,9.54643
4711.17,9.43382
4711.98,9.32109
4712.78,9.20636
4713.58,9.09167
4714.39,8.97629
4715.19,8.85991
4715.99,8.74357
4716.8,8.62712
4717.6,8.51065
4718.41,8.39426
4719.21,8.27848
4720.01,8.16273
4720.82,8.04692
4721.62,7.93097
4722.42,7.81507
4723.23,7.69843
4724.03,7.58153
4724.83,7.46465
4725.64,7.3471
4726.44,7.22959
4727.24,7.1122
4728.05,6.99499
4728.85,6.87782
4729.65,6.76151
4730.46,6.64563
4731.26,6.52978
4732.07,6.41544
4732.87,6.30113
4733.67,6.18721
4734.48,6.07406
4735.28,5.96096
4736.08,5.84855
4736.89,5.73658
4737.69,5.62465
4738.49,5.51409
4739.3,5.40368
4740.1,5.29366
4740.9,5.18485
4741.71,5.07608
4742.51,4.96805
4743.31,4.86068
4744.12,4.75335
4744.92,4.64762
4745.73,4.54223
4746.53,4.4373
4747.33,4.33519
4748.14,4.2331
4748.94,4.13251
4749.74,4.03389
4750.55,3.93529
4751.35,3.83837
4752.15,3.74212
4752.96,3.64592
4753.76,3.55172
4754.56,3.45754
4755.37,3.36426
4756.17,3.273
4756.98,3.18178
4757.78,3.09266
4758.58,3.00504
4759.39,2.91745
4760.19,2.8333
4760.99,2.74968
4761.8,2.66676
4762.6,2.58764
4763.4,2.50854
4764.21,2.43143
4765.01,2.35698
4765.81,2.28255
4766.62,2.21087
4767.42,2.14036
4768.22,2.06988
4769.03,2.00251
4769.83,1.93524
4770.64,1.86886
4771.44,1.80514
4772.24,1.74144
4773.05,1.67999
4773.85,1.62067
4774.65,1.56136
4775.46,1.50553
4776.26,1.45068
4777.06,1.39603
4777.87,1.34512
4778.67,1.29422
4779.47,1.24443
4780.28,1.19713
4781.08,1.14984
4781.88,1.10455
4782.69,1.06083
4783.49,1.01712
4784.3,0.976338
4785.1,0.936228
4785.9,0.896359
4786.71,0.859573
4787.51,0.822799
4788.31,0.786928
4789.12,0.752967
4789.92,0.719017
4790.72,0.686655
4791.53,0.655505
4792.33,0.624366
4793.13,0.595596
4793.94,0.567381
4794.74,0.539313
4795.55,0.513638
4796.35,0.487971
4797.15,0.463086
4797.96,0.440055
4798.76,0.417032
4799.56,0.395781
4800.37,0.376086
4801.17,0.356397
4801.97,0.339027
4802.78,0.322363
4803.58,0.305704
4804.38,0.290687
4805.19,0.275674
4805.99,0.260886
4806.79,0.246836
4807.6,0.232791
4808.4,0.219468
4809.21,0.207
4810.01,0.194537
4810.81,0.183612
4811.62,0.173408
4812.42,0.163207
4813.22,0.154948
4814.03,0.146898
4814.83,0.139007
4815.63,0.132232
4816.44,0.125459
4817.24,0.118752
4818.04,0.112168
4818.85,0.105586
4819.65,0.0989908
4820.45,0.0923859
4821.26,0.0857832
4822.06,0.0797352
4822.87,0.0738575
4823.67,0.0679817
4824.47,0.0631898
4825.28,0.0584263
4826.08,0.0538067
4826.88,0.0498269
4827.69,0.0458484
4828.49,0.0421589
4829.29,0.0389273
4830.1,0.0356967
4830.9,0.0330582
4831.7,0.0308348
4832.51,0.0286121
4833.31,0.0270238
4834.12,0.0256079
4834.92,0.0241924
4835.72,0.023105
4836.53,0.0220236
4837.33,0.0209579
4838.13,0.0199638
4838.94,0.01897
4839.74,0.0179828
4840.54,0.0170068
4841.35,0.0160312
4842.15,0.0151465
4842.95,0.0143346
4843.76,0.0135229
4844.56,0.0129994
4845.36,0.0125764
4846.17,0.0121537
4846.97,0.0118009
4847.78,0.0114539
4848.58,0.0110669
4849.38,0.0103371
4850.19,0.00960756
4850.99,0.00882931
4851.79,0.00792707
4852.6,0.00702513
4853.4,0.00625535
4854.2,0.00564206
4855.01,0.00502897
4855.81,0.00458591
4856.61,0.00424264
4857.42,0.00389949
4858.22,0.00364463
4859.03,0.0034119
4859.83,0.00317924
4860.63,0.00314215
4861.44,0.0031117
4862.24,0.00310131
4863.04,0.00322307
4863.85,0.00334478
4864.65,0.00337104
4865.45,0.00316776
4866.26,0.00296454
4867.06,0.00239894
4867.86,0.00139564
4868.67,0.000392678
4869.47,1.00E-06
4870.27,1.00E-06
4871.08,1.00E-06
4871.88,1.00E-06
4872.69,1.00E-06
4873.49,1.00E-06
4874.29,1.00E-06
4875.1,1.00E-06
4875.9,1.00E-06
4876.7,1.00E-06
4877.51,1.00E-06
4878.31,1.00E-06
4879.11,1.00E-06
4879.92,1.00E-06
4880.72,0.00048495
4881.52,0.0018595
4882.33,0.0032336
4883.13,0.00461585
4883.93,0.00600651
4884.74,0.00739672
4885.54,0.00808644
4886.35,0.0083653
4887.15,0.00864407
4887.95,0.00822374
4888.76,0.00758924
4889.56,0.00695495
4890.36,0.0058979
4891.17,0.00479301
4891.97,0.00368632
4892.77,0.00250335
4893.58,0.00132077
4894.38,0.000303811
4895.18,0.000192511
4895.99,8.12E-05
4896.79,1.00E-06
4897.6,1.00E-06
4898.4,1.00E-06
4899.2,1.00E-06
4900.01,1.00E-06
4900.81,1.00E-06
4901.61,1.00E-06
4902.42,1.00E-06
4903.22,1.00E-06
4904.02,1.00E-06
4904.83,1.00E-06
4905.63,1.00E-06
4906.43,1.00E-06
4907.24,1.00E-06
4908.04,1.00E-06
4908.84,1.00E-06
4909.65,1.00E-06
4910.45,1.00E-06
4911.26,1.00E-06
4912.06,1.00E-06
4912.86,1.00E-06
4913.67,1.00E-06
4914.47,1.00E-06
4915.27,1.00E-06
4916.08,1.00E-06
4916.88,1.00E-06
4917.68,3.94E-05
4918.49,0.000179418
4919.29,0.000319405
4920.09,0.000902791
4920.9,0.00223779
4921.7,0.00357236
4922.5,0.00444673
4923.31,0.00479219
4924.11,0.00513753
4924.92,0.00505489
4925.72,0.00463137
4926.52,0.00420798
4927.33,0.00370276
4928.13,0.00315263
4928.93,0.00260269
4929.74,0.00214143
4930.54,0.00171288
4931.34,0.00128448
4932.15,0.000979012
4932.95,0.000701685
4933.75,0.000424449
4934.56,0.000459473
4935.36,0.000531344
4936.17,0.00060319
4936.97,0.00115612
4937.77,0.00172277
4938.58,0.00230559
4939.38,0.00322235
4940.18,0.00413882
4940.99,0.00504413
4941.79,0.00586848
4942.59,0.00669257
4943.4,0.00740236
4944.2,0.00761881
4945,0.00783519
4945.81,0.00786366
4946.61,0.00734104
4947.41,0.0068186
4948.22,0.00612714
4949.02,0.00507271
4949.83,0.00401862
4950.63,0.00293088
4951.43,0.00178767
4952.24,0.000644841
4953.04,1.00E-06
4953.84,1.00E-06
4954.65,1.00E-06
4955.45,1.00E-06
4956.25,1.00E-06
4957.06,1.00E-06
4957.86,1.00E-06
4958.66,1.00E-06
4959.47,1.00E-06
4960.27,1.00E-06
4961.08,1.00E-06
4961.88,1.00E-06
4962.68,1.00E-06
4963.49,1.00E-06
4964.29,1.00E-06
4965.09,1.00E-06
4965.9,1.00E-06
4966.7,1.00E-06
4967.5,0.000382204
4968.31,0.000907787
4969.11,0.0014332
4969.91,0.00215427
4970.72,0.00293581
4971.52,0.00371711
4972.32,0.00451102
4973.13,0.00530791
4973.93,0.00610455
4974.74,0.00642189
4975.54,0.00664185
4976.34,0.00686174
4977.15,0.00669907
4977.95,0.00647462
4978.75,0.00625024
4979.56,0.00646835
4980.36,0.00674237
4981.16,0.0070163
4981.97,0.00811346
4982.77,0.00929007
4983.57,0.0104663
4984.38,0.0115206
4985.18,0.0125658
4985.98,0.0136107
4986.79,0.0133515
4987.59,0.0130252
4988.4,0.012699
4989.2,0.0112781
4990,0.00981961
4990.81,0.00836155
4991.61,0.00704657
4992.41,0.0057351
4993.22,0.00442405
4994.02,0.00417454
4994.82,0.00393752
4995.63,0.00370057
4996.43,0.00424752
4997.23,0.00479809
4998.04,0.00534848
4998.84,0.00549523
4999.65,0.00564154
5000,0.0057878
